-- phpMyAdmin SQL Dump
-- version 3.2.4
-- http://www.phpmyadmin.net
--
-- Host: localhost
-- Generation Time: May 04, 2017 at 05:22 PM
-- Server version: 5.1.41
-- PHP Version: 5.3.1

SET SQL_MODE="NO_AUTO_VALUE_ON_ZERO";


/*!40101 SET @OLD_CHARACTER_SET_CLIENT=@@CHARACTER_SET_CLIENT */;
/*!40101 SET @OLD_CHARACTER_SET_RESULTS=@@CHARACTER_SET_RESULTS */;
/*!40101 SET @OLD_COLLATION_CONNECTION=@@COLLATION_CONNECTION */;
/*!40101 SET NAMES utf8 */;

--
-- Database: `db_tetrasma2`
--

-- --------------------------------------------------------

--
-- Table structure for table `t_audittrail`
--

CREATE TABLE IF NOT EXISTS `t_audittrail` (
  `id` int(11) NOT NULL AUTO_INCREMENT,
  `datetime` datetime NOT NULL,
  `script` varchar(255) DEFAULT NULL,
  `user` varchar(255) DEFAULT NULL,
  `action` varchar(255) DEFAULT NULL,
  `table` varchar(255) DEFAULT NULL,
  `field` varchar(255) DEFAULT NULL,
  `keyvalue` longtext,
  `oldvalue` longtext,
  `newvalue` longtext,
  PRIMARY KEY (`id`)
) ENGINE=MyISAM  DEFAULT CHARSET=latin1 AUTO_INCREMENT=582 ;

--
-- Dumping data for table `t_audittrail`
--

INSERT INTO `t_audittrail` (`id`, `datetime`, `script`, `user`, `action`, `table`, `field`, `keyvalue`, `oldvalue`, `newvalue`) VALUES
(1, '2017-05-03 19:37:12', '/tetrasma2/login.php', 'admin', 'login', '::1', '', '', '', ''),
(2, '2017-05-03 19:37:31', '/tetrasma2/t_coal1list.php', '1', 'A', 't_coal1', 'coal1_no', '1', '', '1'),
(3, '2017-05-03 19:37:31', '/tetrasma2/t_coal1list.php', '1', 'A', 't_coal1', 'coal1_nm', '1', '', 'Aktiva'),
(4, '2017-05-03 19:37:31', '/tetrasma2/t_coal1list.php', '1', 'A', 't_coal1', 'coal1_id', '1', '', '1'),
(5, '2017-05-03 19:38:01', '/tetrasma2/t_coal1list.php', '1', 'A', 't_coal1', 'coal1_no', '2', '', '2'),
(6, '2017-05-03 19:38:01', '/tetrasma2/t_coal1list.php', '1', 'A', 't_coal1', 'coal1_nm', '2', '', 'Hutang'),
(7, '2017-05-03 19:38:01', '/tetrasma2/t_coal1list.php', '1', 'A', 't_coal1', 'coal1_id', '2', '', '2'),
(8, '2017-05-03 19:38:46', '/tetrasma2/t_coal1list.php', '1', '*** Batch insert begin ***', 't_coal1', '', '', '', ''),
(9, '2017-05-03 19:38:46', '/tetrasma2/t_coal1list.php', '1', 'A', 't_coal1', 'coal1_no', '3', '', '3'),
(10, '2017-05-03 19:38:46', '/tetrasma2/t_coal1list.php', '1', 'A', 't_coal1', 'coal1_nm', '3', '', 'Modal'),
(11, '2017-05-03 19:38:46', '/tetrasma2/t_coal1list.php', '1', 'A', 't_coal1', 'coal1_id', '3', '', '3'),
(12, '2017-05-03 19:38:46', '/tetrasma2/t_coal1list.php', '1', 'A', 't_coal1', 'coal1_no', '4', '', '4'),
(13, '2017-05-03 19:38:46', '/tetrasma2/t_coal1list.php', '1', 'A', 't_coal1', 'coal1_nm', '4', '', 'Pendapatan'),
(14, '2017-05-03 19:38:46', '/tetrasma2/t_coal1list.php', '1', 'A', 't_coal1', 'coal1_id', '4', '', '4'),
(15, '2017-05-03 19:38:46', '/tetrasma2/t_coal1list.php', '1', 'A', 't_coal1', 'coal1_no', '5', '', '5'),
(16, '2017-05-03 19:38:46', '/tetrasma2/t_coal1list.php', '1', 'A', 't_coal1', 'coal1_nm', '5', '', 'HPP'),
(17, '2017-05-03 19:38:46', '/tetrasma2/t_coal1list.php', '1', 'A', 't_coal1', 'coal1_id', '5', '', '5'),
(18, '2017-05-03 19:38:46', '/tetrasma2/t_coal1list.php', '1', 'A', 't_coal1', 'coal1_no', '6', '', '6'),
(19, '2017-05-03 19:38:46', '/tetrasma2/t_coal1list.php', '1', 'A', 't_coal1', 'coal1_nm', '6', '', 'Biaya'),
(20, '2017-05-03 19:38:46', '/tetrasma2/t_coal1list.php', '1', 'A', 't_coal1', 'coal1_id', '6', '', '6'),
(21, '2017-05-03 19:38:46', '/tetrasma2/t_coal1list.php', '1', '*** Batch insert successful ***', 't_coal1', '', '', '', ''),
(22, '2017-05-03 19:44:11', '/tetrasma2/t_coal2list.php', '1', '*** Batch insert begin ***', 't_coal2', '', '', '', ''),
(23, '2017-05-03 19:44:12', '/tetrasma2/t_coal2list.php', '1', 'A', 't_coal2', 'coal2_no', '1', '', '1'),
(24, '2017-05-03 19:44:12', '/tetrasma2/t_coal2list.php', '1', 'A', 't_coal2', 'coal2_nm', '1', '', 'Aktiva Lancar'),
(25, '2017-05-03 19:44:12', '/tetrasma2/t_coal2list.php', '1', 'A', 't_coal2', 'coal1_id', '1', '', '1'),
(26, '2017-05-03 19:44:12', '/tetrasma2/t_coal2list.php', '1', 'A', 't_coal2', 'coal2_id', '1', '', '1'),
(27, '2017-05-03 19:44:12', '/tetrasma2/t_coal2list.php', '1', 'A', 't_coal2', 'coal2_no', '2', '', '2'),
(28, '2017-05-03 19:44:12', '/tetrasma2/t_coal2list.php', '1', 'A', 't_coal2', 'coal2_nm', '2', '', 'Aktiva Tetap'),
(29, '2017-05-03 19:44:12', '/tetrasma2/t_coal2list.php', '1', 'A', 't_coal2', 'coal1_id', '2', '', '1'),
(30, '2017-05-03 19:44:12', '/tetrasma2/t_coal2list.php', '1', 'A', 't_coal2', 'coal2_id', '2', '', '2'),
(31, '2017-05-03 19:44:12', '/tetrasma2/t_coal2list.php', '1', '*** Batch insert successful ***', 't_coal2', '', '', '', ''),
(32, '2017-05-03 23:04:52', '/tetrasma2/t_coal1edit.php', '1', '*** Batch update begin ***', 't_coal2', '', '', '', ''),
(33, '2017-05-03 23:04:52', '/tetrasma2/t_coal1edit.php', '1', 'A', 't_coal2', 'coal1_id', '3', '', '2'),
(34, '2017-05-03 23:04:52', '/tetrasma2/t_coal1edit.php', '1', 'A', 't_coal2', 'coal2_no', '3', '', '1'),
(35, '2017-05-03 23:04:52', '/tetrasma2/t_coal1edit.php', '1', 'A', 't_coal2', 'coal2_nm', '3', '', 'Hutang Jk. Pendek'),
(36, '2017-05-03 23:04:52', '/tetrasma2/t_coal1edit.php', '1', 'A', 't_coal2', 'coal2_id', '3', '', '3'),
(37, '2017-05-03 23:04:52', '/tetrasma2/t_coal1edit.php', '1', 'A', 't_coal2', 'coal1_id', '4', '', '2'),
(38, '2017-05-03 23:04:52', '/tetrasma2/t_coal1edit.php', '1', 'A', 't_coal2', 'coal2_no', '4', '', '2'),
(39, '2017-05-03 23:04:52', '/tetrasma2/t_coal1edit.php', '1', 'A', 't_coal2', 'coal2_nm', '4', '', 'Hutang Jk. Panjang'),
(40, '2017-05-03 23:04:52', '/tetrasma2/t_coal1edit.php', '1', 'A', 't_coal2', 'coal2_id', '4', '', '4'),
(41, '2017-05-03 23:04:52', '/tetrasma2/t_coal1edit.php', '1', '*** Batch update successful ***', 't_coal2', '', '', '', ''),
(42, '2017-05-03 23:06:36', '/tetrasma2/t_coal2list.php', '1', '*** Batch insert begin ***', 't_coal2', '', '', '', ''),
(43, '2017-05-03 23:06:36', '/tetrasma2/t_coal2list.php', '1', 'A', 't_coal2', 'coal1_id', '5', '', '3'),
(44, '2017-05-03 23:06:36', '/tetrasma2/t_coal2list.php', '1', 'A', 't_coal2', 'coal2_no', '5', '', '1'),
(45, '2017-05-03 23:06:36', '/tetrasma2/t_coal2list.php', '1', 'A', 't_coal2', 'coal2_nm', '5', '', 'Modal Pemilik'),
(46, '2017-05-03 23:06:36', '/tetrasma2/t_coal2list.php', '1', 'A', 't_coal2', 'coal2_id', '5', '', '5'),
(47, '2017-05-03 23:06:36', '/tetrasma2/t_coal2list.php', '1', 'A', 't_coal2', 'coal1_id', '6', '', '4'),
(48, '2017-05-03 23:06:36', '/tetrasma2/t_coal2list.php', '1', 'A', 't_coal2', 'coal2_no', '6', '', '1'),
(49, '2017-05-03 23:06:36', '/tetrasma2/t_coal2list.php', '1', 'A', 't_coal2', 'coal2_nm', '6', '', 'Pendapatan Usaha'),
(50, '2017-05-03 23:06:36', '/tetrasma2/t_coal2list.php', '1', 'A', 't_coal2', 'coal2_id', '6', '', '6'),
(51, '2017-05-03 23:06:36', '/tetrasma2/t_coal2list.php', '1', 'A', 't_coal2', 'coal1_id', '7', '', '5'),
(52, '2017-05-03 23:06:36', '/tetrasma2/t_coal2list.php', '1', 'A', 't_coal2', 'coal2_no', '7', '', '1'),
(53, '2017-05-03 23:06:36', '/tetrasma2/t_coal2list.php', '1', 'A', 't_coal2', 'coal2_nm', '7', '', 'HPP'),
(54, '2017-05-03 23:06:36', '/tetrasma2/t_coal2list.php', '1', 'A', 't_coal2', 'coal2_id', '7', '', '7'),
(55, '2017-05-03 23:06:36', '/tetrasma2/t_coal2list.php', '1', 'A', 't_coal2', 'coal1_id', '8', '', '6'),
(56, '2017-05-03 23:06:36', '/tetrasma2/t_coal2list.php', '1', 'A', 't_coal2', 'coal2_no', '8', '', '1'),
(57, '2017-05-03 23:06:36', '/tetrasma2/t_coal2list.php', '1', 'A', 't_coal2', 'coal2_nm', '8', '', 'Biaya'),
(58, '2017-05-03 23:06:36', '/tetrasma2/t_coal2list.php', '1', 'A', 't_coal2', 'coal2_id', '8', '', '8'),
(59, '2017-05-03 23:06:36', '/tetrasma2/t_coal2list.php', '1', '*** Batch insert successful ***', 't_coal2', '', '', '', ''),
(60, '2017-05-04 03:12:03', '/tetrasma2/login.php', 'admin', 'login', '::1', '', '', '', ''),
(61, '2017-05-04 04:48:46', '/tetrasma2/login.php', 'admin', 'login', '::1', '', '', '', ''),
(62, '2017-05-04 05:00:46', '/tetrasma2/t_coal2edit.php', '1', '*** Batch update begin ***', 't_coal3', '', '', '', ''),
(63, '2017-05-04 05:00:46', '/tetrasma2/t_coal2edit.php', '1', 'A', 't_coal3', 'coal2_id', '1', '', '1'),
(64, '2017-05-04 05:00:46', '/tetrasma2/t_coal2edit.php', '1', 'A', 't_coal3', 'coal3_no', '1', '', '1'),
(65, '2017-05-04 05:00:46', '/tetrasma2/t_coal2edit.php', '1', 'A', 't_coal3', 'coal3_nm', '1', '', 'Kas'),
(66, '2017-05-04 05:00:46', '/tetrasma2/t_coal2edit.php', '1', 'A', 't_coal3', 'coal3_id', '1', '', '1'),
(67, '2017-05-04 05:00:46', '/tetrasma2/t_coal2edit.php', '1', 'A', 't_coal3', 'coal2_id', '2', '', '1'),
(68, '2017-05-04 05:00:46', '/tetrasma2/t_coal2edit.php', '1', 'A', 't_coal3', 'coal3_no', '2', '', '2'),
(69, '2017-05-04 05:00:46', '/tetrasma2/t_coal2edit.php', '1', 'A', 't_coal3', 'coal3_nm', '2', '', 'Bank'),
(70, '2017-05-04 05:00:46', '/tetrasma2/t_coal2edit.php', '1', 'A', 't_coal3', 'coal3_id', '2', '', '2'),
(71, '2017-05-04 05:00:46', '/tetrasma2/t_coal2edit.php', '1', 'A', 't_coal3', 'coal2_id', '3', '', '1'),
(72, '2017-05-04 05:00:46', '/tetrasma2/t_coal2edit.php', '1', 'A', 't_coal3', 'coal3_no', '3', '', '3'),
(73, '2017-05-04 05:00:46', '/tetrasma2/t_coal2edit.php', '1', 'A', 't_coal3', 'coal3_nm', '3', '', 'Piutang'),
(74, '2017-05-04 05:00:46', '/tetrasma2/t_coal2edit.php', '1', 'A', 't_coal3', 'coal3_id', '3', '', '3'),
(75, '2017-05-04 05:00:46', '/tetrasma2/t_coal2edit.php', '1', 'A', 't_coal3', 'coal2_id', '4', '', '1'),
(76, '2017-05-04 05:00:46', '/tetrasma2/t_coal2edit.php', '1', 'A', 't_coal3', 'coal3_no', '4', '', '4'),
(77, '2017-05-04 05:00:46', '/tetrasma2/t_coal2edit.php', '1', 'A', 't_coal3', 'coal3_nm', '4', '', 'Aktiva Lain'),
(78, '2017-05-04 05:00:46', '/tetrasma2/t_coal2edit.php', '1', 'A', 't_coal3', 'coal3_id', '4', '', '4'),
(79, '2017-05-04 05:00:47', '/tetrasma2/t_coal2edit.php', '1', '*** Batch update successful ***', 't_coal3', '', '', '', ''),
(80, '2017-05-04 05:03:00', '/tetrasma2/t_coal2edit.php', '1', '*** Batch update begin ***', 't_coal3', '', '', '', ''),
(81, '2017-05-04 05:03:00', '/tetrasma2/t_coal2edit.php', '1', 'A', 't_coal3', 'coal2_id', '5', '', '2'),
(82, '2017-05-04 05:03:00', '/tetrasma2/t_coal2edit.php', '1', 'A', 't_coal3', 'coal3_no', '5', '', '1'),
(83, '2017-05-04 05:03:00', '/tetrasma2/t_coal2edit.php', '1', 'A', 't_coal3', 'coal3_nm', '5', '', 'Aktiva Tetap'),
(84, '2017-05-04 05:03:00', '/tetrasma2/t_coal2edit.php', '1', 'A', 't_coal3', 'coal3_id', '5', '', '5'),
(85, '2017-05-04 05:03:00', '/tetrasma2/t_coal2edit.php', '1', '*** Batch update successful ***', 't_coal3', '', '', '', ''),
(86, '2017-05-04 05:04:27', '/tetrasma2/t_coal2edit.php', '1', '*** Batch update begin ***', 't_coal3', '', '', '', ''),
(87, '2017-05-04 05:04:27', '/tetrasma2/t_coal2edit.php', '1', 'A', 't_coal3', 'coal2_id', '6', '', '3'),
(88, '2017-05-04 05:04:27', '/tetrasma2/t_coal2edit.php', '1', 'A', 't_coal3', 'coal3_no', '6', '', '1'),
(89, '2017-05-04 05:04:27', '/tetrasma2/t_coal2edit.php', '1', 'A', 't_coal3', 'coal3_nm', '6', '', 'Hutang Lancar'),
(90, '2017-05-04 05:04:27', '/tetrasma2/t_coal2edit.php', '1', 'A', 't_coal3', 'coal3_id', '6', '', '6'),
(91, '2017-05-04 05:04:27', '/tetrasma2/t_coal2edit.php', '1', 'A', 't_coal3', 'coal2_id', '7', '', '3'),
(92, '2017-05-04 05:04:27', '/tetrasma2/t_coal2edit.php', '1', 'A', 't_coal3', 'coal3_no', '7', '', '2'),
(93, '2017-05-04 05:04:27', '/tetrasma2/t_coal2edit.php', '1', 'A', 't_coal3', 'coal3_nm', '7', '', 'Hutang Jk. Panjang'),
(94, '2017-05-04 05:04:27', '/tetrasma2/t_coal2edit.php', '1', 'A', 't_coal3', 'coal3_id', '7', '', '7'),
(95, '2017-05-04 05:04:27', '/tetrasma2/t_coal2edit.php', '1', '*** Batch update successful ***', 't_coal3', '', '', '', ''),
(96, '2017-05-04 05:09:35', '/tetrasma2/t_coal2edit.php', '1', '*** Batch update begin ***', 't_coal3', '', '', '', ''),
(97, '2017-05-04 05:09:35', '/tetrasma2/t_coal2edit.php', '1', 'A', 't_coal3', 'coal2_id', '8', '', '5'),
(98, '2017-05-04 05:09:35', '/tetrasma2/t_coal2edit.php', '1', 'A', 't_coal3', 'coal3_no', '8', '', '1'),
(99, '2017-05-04 05:09:35', '/tetrasma2/t_coal2edit.php', '1', 'A', 't_coal3', 'coal3_nm', '8', '', 'Simpanan Pokok'),
(100, '2017-05-04 05:09:35', '/tetrasma2/t_coal2edit.php', '1', 'A', 't_coal3', 'coal3_id', '8', '', '8'),
(101, '2017-05-04 05:09:35', '/tetrasma2/t_coal2edit.php', '1', 'A', 't_coal3', 'coal2_id', '9', '', '5'),
(102, '2017-05-04 05:09:35', '/tetrasma2/t_coal2edit.php', '1', 'A', 't_coal3', 'coal3_no', '9', '', '2'),
(103, '2017-05-04 05:09:35', '/tetrasma2/t_coal2edit.php', '1', 'A', 't_coal3', 'coal3_nm', '9', '', 'Simpanan Wajib'),
(104, '2017-05-04 05:09:35', '/tetrasma2/t_coal2edit.php', '1', 'A', 't_coal3', 'coal3_id', '9', '', '9'),
(105, '2017-05-04 05:09:35', '/tetrasma2/t_coal2edit.php', '1', 'A', 't_coal3', 'coal2_id', '10', '', '5'),
(106, '2017-05-04 05:09:35', '/tetrasma2/t_coal2edit.php', '1', 'A', 't_coal3', 'coal3_no', '10', '', '3'),
(107, '2017-05-04 05:09:35', '/tetrasma2/t_coal2edit.php', '1', 'A', 't_coal3', 'coal3_nm', '10', '', 'Simpanan Sukarela'),
(108, '2017-05-04 05:09:35', '/tetrasma2/t_coal2edit.php', '1', 'A', 't_coal3', 'coal3_id', '10', '', '10'),
(109, '2017-05-04 05:09:35', '/tetrasma2/t_coal2edit.php', '1', '*** Batch update successful ***', 't_coal3', '', '', '', ''),
(110, '2017-05-04 05:11:31', '/tetrasma2/t_coal3add.php', '1', 'A', 't_coal3', 'coal2_id', '11', '', '6'),
(111, '2017-05-04 05:11:31', '/tetrasma2/t_coal3add.php', '1', 'A', 't_coal3', 'coal3_no', '11', '', '1'),
(112, '2017-05-04 05:11:31', '/tetrasma2/t_coal3add.php', '1', 'A', 't_coal3', 'coal3_nm', '11', '', 'Pendapatan Bunga Pinjaman'),
(113, '2017-05-04 05:11:31', '/tetrasma2/t_coal3add.php', '1', 'A', 't_coal3', 'coal3_id', '11', '', '11'),
(114, '2017-05-04 05:13:12', '/tetrasma2/t_coal3list.php', '1', '*** Batch insert begin ***', 't_coal3', '', '', '', ''),
(115, '2017-05-04 05:13:12', '/tetrasma2/t_coal3list.php', '1', 'A', 't_coal3', 'coal2_id', '12', '', '7'),
(116, '2017-05-04 05:13:12', '/tetrasma2/t_coal3list.php', '1', 'A', 't_coal3', 'coal3_no', '12', '', '1'),
(117, '2017-05-04 05:13:12', '/tetrasma2/t_coal3list.php', '1', 'A', 't_coal3', 'coal3_nm', '12', '', 'Biaya Langsung'),
(118, '2017-05-04 05:13:12', '/tetrasma2/t_coal3list.php', '1', 'A', 't_coal3', 'coal3_id', '12', '', '12'),
(119, '2017-05-04 05:13:12', '/tetrasma2/t_coal3list.php', '1', '*** Batch insert successful ***', 't_coal3', '', '', '', ''),
(120, '2017-05-04 05:13:45', '/tetrasma2/t_coal2list.php', '1', 'U', 't_coal2', 'coal2_nm', '7', 'Biaya Langsung', 'HPP'),
(121, '2017-05-04 05:50:03', '/tetrasma2/t_coal3list.php', '1', 'U', 't_coal3', 'coal1_id', '1', '1', '0'),
(122, '2017-05-04 06:03:36', '/tetrasma2/logout.php', 'admin', 'logout', '::1', '', '', '', ''),
(123, '2017-05-04 06:05:57', '/tetrasma2/login.php', 'admin', 'login', '::1', '', '', '', ''),
(124, '2017-05-04 06:09:44', '/tetrasma2/t_coal2edit.php', '1', '*** Batch update begin ***', 't_coal3', '', '', '', ''),
(125, '2017-05-04 06:09:44', '/tetrasma2/t_coal2edit.php', '1', 'A', 't_coal3', 'coal1_id', '1', '', '1'),
(126, '2017-05-04 06:09:44', '/tetrasma2/t_coal2edit.php', '1', 'A', 't_coal3', 'coal2_id', '1', '', '1'),
(127, '2017-05-04 06:09:44', '/tetrasma2/t_coal2edit.php', '1', 'A', 't_coal3', 'coal3_no', '1', '', '1'),
(128, '2017-05-04 06:09:44', '/tetrasma2/t_coal2edit.php', '1', 'A', 't_coal3', 'coal3_nm', '1', '', 'Kas'),
(129, '2017-05-04 06:09:44', '/tetrasma2/t_coal2edit.php', '1', 'A', 't_coal3', 'coal3_id', '1', '', '1'),
(130, '2017-05-04 06:09:44', '/tetrasma2/t_coal2edit.php', '1', '*** Batch update successful ***', 't_coal3', '', '', '', ''),
(131, '2017-05-04 06:11:04', '/tetrasma2/t_coal3list.php', '1', 'A', 't_coal3', 'coal1_id', '2', '', '1'),
(132, '2017-05-04 06:11:04', '/tetrasma2/t_coal3list.php', '1', 'A', 't_coal3', 'coal2_id', '2', '', '1'),
(133, '2017-05-04 06:11:04', '/tetrasma2/t_coal3list.php', '1', 'A', 't_coal3', 'coal3_no', '2', '', '2'),
(134, '2017-05-04 06:11:04', '/tetrasma2/t_coal3list.php', '1', 'A', 't_coal3', 'coal3_nm', '2', '', 'Bank'),
(135, '2017-05-04 06:11:04', '/tetrasma2/t_coal3list.php', '1', 'A', 't_coal3', 'coal3_id', '2', '', '2'),
(136, '2017-05-04 06:13:20', '/tetrasma2/t_coal2edit.php', '1', '*** Batch update begin ***', 't_coal3', '', '', '', ''),
(137, '2017-05-04 06:13:20', '/tetrasma2/t_coal2edit.php', '1', 'A', 't_coal3', 'coal1_id', '3', '', '1'),
(138, '2017-05-04 06:13:20', '/tetrasma2/t_coal2edit.php', '1', 'A', 't_coal3', 'coal2_id', '3', '', '1'),
(139, '2017-05-04 06:13:20', '/tetrasma2/t_coal2edit.php', '1', 'A', 't_coal3', 'coal3_no', '3', '', '3'),
(140, '2017-05-04 06:13:20', '/tetrasma2/t_coal2edit.php', '1', 'A', 't_coal3', 'coal3_nm', '3', '', 'Piutang'),
(141, '2017-05-04 06:13:20', '/tetrasma2/t_coal2edit.php', '1', 'A', 't_coal3', 'coal3_id', '3', '', '3'),
(142, '2017-05-04 06:13:20', '/tetrasma2/t_coal2edit.php', '1', 'A', 't_coal3', 'coal1_id', '4', '', '1'),
(143, '2017-05-04 06:13:20', '/tetrasma2/t_coal2edit.php', '1', 'A', 't_coal3', 'coal2_id', '4', '', '1'),
(144, '2017-05-04 06:13:20', '/tetrasma2/t_coal2edit.php', '1', 'A', 't_coal3', 'coal3_no', '4', '', '4'),
(145, '2017-05-04 06:13:20', '/tetrasma2/t_coal2edit.php', '1', 'A', 't_coal3', 'coal3_nm', '4', '', 'Aktiva Lain'),
(146, '2017-05-04 06:13:20', '/tetrasma2/t_coal2edit.php', '1', 'A', 't_coal3', 'coal3_id', '4', '', '4'),
(147, '2017-05-04 06:13:20', '/tetrasma2/t_coal2edit.php', '1', '*** Batch update successful ***', 't_coal3', '', '', '', ''),
(148, '2017-05-04 06:14:55', '/tetrasma2/t_coal3list.php', '1', 'A', 't_coal3', 'coal1_id', '5', '', '1'),
(149, '2017-05-04 06:14:55', '/tetrasma2/t_coal3list.php', '1', 'A', 't_coal3', 'coal2_id', '5', '', '2'),
(150, '2017-05-04 06:14:55', '/tetrasma2/t_coal3list.php', '1', 'A', 't_coal3', 'coal3_no', '5', '', '1'),
(151, '2017-05-04 06:14:55', '/tetrasma2/t_coal3list.php', '1', 'A', 't_coal3', 'coal3_nm', '5', '', 'Aktiva Tetap'),
(152, '2017-05-04 06:14:55', '/tetrasma2/t_coal3list.php', '1', 'A', 't_coal3', 'coal3_id', '5', '', '5'),
(153, '2017-05-04 06:15:20', '/tetrasma2/t_coal3list.php', '1', 'A', 't_coal3', 'coal1_id', '6', '', '2'),
(154, '2017-05-04 06:15:20', '/tetrasma2/t_coal3list.php', '1', 'A', 't_coal3', 'coal2_id', '6', '', '3'),
(155, '2017-05-04 06:15:20', '/tetrasma2/t_coal3list.php', '1', 'A', 't_coal3', 'coal3_no', '6', '', '1'),
(156, '2017-05-04 06:15:20', '/tetrasma2/t_coal3list.php', '1', 'A', 't_coal3', 'coal3_nm', '6', '', 'Hutang Lancar'),
(157, '2017-05-04 06:15:20', '/tetrasma2/t_coal3list.php', '1', 'A', 't_coal3', 'coal3_id', '6', '', '6'),
(158, '2017-05-04 06:15:41', '/tetrasma2/t_coal3list.php', '1', 'A', 't_coal3', 'coal1_id', '7', '', '2'),
(159, '2017-05-04 06:15:41', '/tetrasma2/t_coal3list.php', '1', 'A', 't_coal3', 'coal2_id', '7', '', '3'),
(160, '2017-05-04 06:15:41', '/tetrasma2/t_coal3list.php', '1', 'A', 't_coal3', 'coal3_no', '7', '', '2'),
(161, '2017-05-04 06:15:41', '/tetrasma2/t_coal3list.php', '1', 'A', 't_coal3', 'coal3_nm', '7', '', 'Hutang Jangka Panjang'),
(162, '2017-05-04 06:15:41', '/tetrasma2/t_coal3list.php', '1', 'A', 't_coal3', 'coal3_id', '7', '', '7'),
(163, '2017-05-04 06:17:47', '/tetrasma2/t_coal3list.php', '1', 'A', 't_coal3', 'coal1_id', '8', '', '3'),
(164, '2017-05-04 06:17:47', '/tetrasma2/t_coal3list.php', '1', 'A', 't_coal3', 'coal2_id', '8', '', '5'),
(165, '2017-05-04 06:17:47', '/tetrasma2/t_coal3list.php', '1', 'A', 't_coal3', 'coal3_no', '8', '', '1'),
(166, '2017-05-04 06:17:47', '/tetrasma2/t_coal3list.php', '1', 'A', 't_coal3', 'coal3_nm', '8', '', 'Simpanan Pokok'),
(167, '2017-05-04 06:17:47', '/tetrasma2/t_coal3list.php', '1', 'A', 't_coal3', 'coal3_id', '8', '', '8'),
(168, '2017-05-04 06:18:41', '/tetrasma2/t_coal3list.php', '1', 'A', 't_coal3', 'coal1_id', '9', '', '3'),
(169, '2017-05-04 06:18:41', '/tetrasma2/t_coal3list.php', '1', 'A', 't_coal3', 'coal2_id', '9', '', '5'),
(170, '2017-05-04 06:18:41', '/tetrasma2/t_coal3list.php', '1', 'A', 't_coal3', 'coal3_no', '9', '', '2'),
(171, '2017-05-04 06:18:41', '/tetrasma2/t_coal3list.php', '1', 'A', 't_coal3', 'coal3_nm', '9', '', 'Simpanan Wajib'),
(172, '2017-05-04 06:18:41', '/tetrasma2/t_coal3list.php', '1', 'A', 't_coal3', 'coal3_id', '9', '', '9'),
(173, '2017-05-04 06:19:00', '/tetrasma2/t_coal3list.php', '1', 'A', 't_coal3', 'coal1_id', '10', '', '3'),
(174, '2017-05-04 06:19:00', '/tetrasma2/t_coal3list.php', '1', 'A', 't_coal3', 'coal2_id', '10', '', '5'),
(175, '2017-05-04 06:19:00', '/tetrasma2/t_coal3list.php', '1', 'A', 't_coal3', 'coal3_no', '10', '', '3'),
(176, '2017-05-04 06:19:00', '/tetrasma2/t_coal3list.php', '1', 'A', 't_coal3', 'coal3_nm', '10', '', 'Simpanan Sukarela'),
(177, '2017-05-04 06:19:00', '/tetrasma2/t_coal3list.php', '1', 'A', 't_coal3', 'coal3_id', '10', '', '10'),
(178, '2017-05-04 06:19:57', '/tetrasma2/t_coal3list.php', '1', 'A', 't_coal3', 'coal1_id', '11', '', '4'),
(179, '2017-05-04 06:19:57', '/tetrasma2/t_coal3list.php', '1', 'A', 't_coal3', 'coal2_id', '11', '', '6'),
(180, '2017-05-04 06:19:57', '/tetrasma2/t_coal3list.php', '1', 'A', 't_coal3', 'coal3_no', '11', '', '1'),
(181, '2017-05-04 06:19:57', '/tetrasma2/t_coal3list.php', '1', 'A', 't_coal3', 'coal3_nm', '11', '', 'Pendapatan Bunga Pinjaman'),
(182, '2017-05-04 06:19:57', '/tetrasma2/t_coal3list.php', '1', 'A', 't_coal3', 'coal3_id', '11', '', '11'),
(183, '2017-05-04 06:20:27', '/tetrasma2/t_coal3list.php', '1', 'A', 't_coal3', 'coal1_id', '12', '', '5'),
(184, '2017-05-04 06:20:27', '/tetrasma2/t_coal3list.php', '1', 'A', 't_coal3', 'coal2_id', '12', '', '7'),
(185, '2017-05-04 06:20:27', '/tetrasma2/t_coal3list.php', '1', 'A', 't_coal3', 'coal3_no', '12', '', '1'),
(186, '2017-05-04 06:20:27', '/tetrasma2/t_coal3list.php', '1', 'A', 't_coal3', 'coal3_nm', '12', '', 'Biaya Langsung'),
(187, '2017-05-04 06:20:27', '/tetrasma2/t_coal3list.php', '1', 'A', 't_coal3', 'coal3_id', '12', '', '12'),
(188, '2017-05-04 06:20:50', '/tetrasma2/t_coal3list.php', '1', 'A', 't_coal3', 'coal1_id', '13', '', '6'),
(189, '2017-05-04 06:20:50', '/tetrasma2/t_coal3list.php', '1', 'A', 't_coal3', 'coal2_id', '13', '', '8'),
(190, '2017-05-04 06:20:50', '/tetrasma2/t_coal3list.php', '1', 'A', 't_coal3', 'coal3_no', '13', '', '1'),
(191, '2017-05-04 06:20:50', '/tetrasma2/t_coal3list.php', '1', 'A', 't_coal3', 'coal3_nm', '13', '', 'Biaya Keuangan'),
(192, '2017-05-04 06:20:50', '/tetrasma2/t_coal3list.php', '1', 'A', 't_coal3', 'coal3_id', '13', '', '13'),
(193, '2017-05-04 06:21:10', '/tetrasma2/t_coal3list.php', '1', 'A', 't_coal3', 'coal1_id', '14', '', '6'),
(194, '2017-05-04 06:21:10', '/tetrasma2/t_coal3list.php', '1', 'A', 't_coal3', 'coal2_id', '14', '', '8'),
(195, '2017-05-04 06:21:10', '/tetrasma2/t_coal3list.php', '1', 'A', 't_coal3', 'coal3_no', '14', '', '2'),
(196, '2017-05-04 06:21:10', '/tetrasma2/t_coal3list.php', '1', 'A', 't_coal3', 'coal3_nm', '14', '', 'Biaya Organisasi'),
(197, '2017-05-04 06:21:10', '/tetrasma2/t_coal3list.php', '1', 'A', 't_coal3', 'coal3_id', '14', '', '14'),
(198, '2017-05-04 06:21:25', '/tetrasma2/t_coal3list.php', '1', 'A', 't_coal3', 'coal1_id', '15', '', '6'),
(199, '2017-05-04 06:21:25', '/tetrasma2/t_coal3list.php', '1', 'A', 't_coal3', 'coal2_id', '15', '', '8'),
(200, '2017-05-04 06:21:25', '/tetrasma2/t_coal3list.php', '1', 'A', 't_coal3', 'coal3_no', '15', '', '3'),
(201, '2017-05-04 06:21:25', '/tetrasma2/t_coal3list.php', '1', 'A', 't_coal3', 'coal3_nm', '15', '', 'Biaya Karyawan'),
(202, '2017-05-04 06:21:25', '/tetrasma2/t_coal3list.php', '1', 'A', 't_coal3', 'coal3_id', '15', '', '15'),
(203, '2017-05-04 06:21:41', '/tetrasma2/t_coal3list.php', '1', 'A', 't_coal3', 'coal1_id', '16', '', '6'),
(204, '2017-05-04 06:21:41', '/tetrasma2/t_coal3list.php', '1', 'A', 't_coal3', 'coal2_id', '16', '', '8'),
(205, '2017-05-04 06:21:41', '/tetrasma2/t_coal3list.php', '1', 'A', 't_coal3', 'coal3_no', '16', '', '4'),
(206, '2017-05-04 06:21:41', '/tetrasma2/t_coal3list.php', '1', 'A', 't_coal3', 'coal3_nm', '16', '', 'Biaya Operasional Kantor'),
(207, '2017-05-04 06:21:41', '/tetrasma2/t_coal3list.php', '1', 'A', 't_coal3', 'coal3_id', '16', '', '16'),
(208, '2017-05-04 09:07:27', '/tetrasma2/logout.php', 'admin', 'logout', '::1', '', '', '', ''),
(209, '2017-05-04 09:07:31', '/tetrasma2/login.php', 'admin', 'login', '::1', '', '', '', ''),
(210, '2017-05-04 09:45:49', '/tetrasma2/t_coal4list.php', '1', 'A', 't_coal4', 'coal1_id', '1', '', '1'),
(211, '2017-05-04 09:45:49', '/tetrasma2/t_coal4list.php', '1', 'A', 't_coal4', 'coal2_id', '1', '', '1'),
(212, '2017-05-04 09:45:49', '/tetrasma2/t_coal4list.php', '1', 'A', 't_coal4', 'coal3_id', '1', '', '1'),
(213, '2017-05-04 09:45:49', '/tetrasma2/t_coal4list.php', '1', 'A', 't_coal4', 'coal4_no', '1', '', '01'),
(214, '2017-05-04 09:45:49', '/tetrasma2/t_coal4list.php', '1', 'A', 't_coal4', 'coal4_nm', '1', '', 'Kas'),
(215, '2017-05-04 09:45:49', '/tetrasma2/t_coal4list.php', '1', 'A', 't_coal4', 'coal4_id', '1', '', '1'),
(216, '2017-05-04 10:03:46', '/tetrasma2/t_coal4list.php', '1', 'A', 't_coal4', 'coal1_id', '2', '', '1'),
(217, '2017-05-04 10:03:46', '/tetrasma2/t_coal4list.php', '1', 'A', 't_coal4', 'coal2_id', '2', '', '1'),
(218, '2017-05-04 10:03:46', '/tetrasma2/t_coal4list.php', '1', 'A', 't_coal4', 'coal3_id', '2', '', '2'),
(219, '2017-05-04 10:03:46', '/tetrasma2/t_coal4list.php', '1', 'A', 't_coal4', 'coal4_no', '2', '', '01'),
(220, '2017-05-04 10:03:46', '/tetrasma2/t_coal4list.php', '1', 'A', 't_coal4', 'coal4_nm', '2', '', 'Bank BCA'),
(221, '2017-05-04 10:03:46', '/tetrasma2/t_coal4list.php', '1', 'A', 't_coal4', 'coal4_id', '2', '', '2'),
(222, '2017-05-04 10:04:03', '/tetrasma2/t_coal4list.php', '1', 'A', 't_coal4', 'coal1_id', '3', '', '1'),
(223, '2017-05-04 10:04:03', '/tetrasma2/t_coal4list.php', '1', 'A', 't_coal4', 'coal2_id', '3', '', '1'),
(224, '2017-05-04 10:04:03', '/tetrasma2/t_coal4list.php', '1', 'A', 't_coal4', 'coal3_id', '3', '', '2'),
(225, '2017-05-04 10:04:03', '/tetrasma2/t_coal4list.php', '1', 'A', 't_coal4', 'coal4_no', '3', '', '02'),
(226, '2017-05-04 10:04:03', '/tetrasma2/t_coal4list.php', '1', 'A', 't_coal4', 'coal4_nm', '3', '', 'Bank Mandiri'),
(227, '2017-05-04 10:04:03', '/tetrasma2/t_coal4list.php', '1', 'A', 't_coal4', 'coal4_id', '3', '', '3'),
(228, '2017-05-04 10:04:38', '/tetrasma2/t_coal4list.php', '1', 'A', 't_coal4', 'coal1_id', '4', '', '1'),
(229, '2017-05-04 10:04:38', '/tetrasma2/t_coal4list.php', '1', 'A', 't_coal4', 'coal2_id', '4', '', '1'),
(230, '2017-05-04 10:04:38', '/tetrasma2/t_coal4list.php', '1', 'A', 't_coal4', 'coal3_id', '4', '', '3'),
(231, '2017-05-04 10:04:38', '/tetrasma2/t_coal4list.php', '1', 'A', 't_coal4', 'coal4_no', '4', '', '01'),
(232, '2017-05-04 10:04:38', '/tetrasma2/t_coal4list.php', '1', 'A', 't_coal4', 'coal4_nm', '4', '', 'Pinjaman yang diberikan'),
(233, '2017-05-04 10:04:38', '/tetrasma2/t_coal4list.php', '1', 'A', 't_coal4', 'coal4_id', '4', '', '4'),
(234, '2017-05-04 10:05:01', '/tetrasma2/t_coal4list.php', '1', 'A', 't_coal4', 'coal1_id', '5', '', '1'),
(235, '2017-05-04 10:05:01', '/tetrasma2/t_coal4list.php', '1', 'A', 't_coal4', 'coal2_id', '5', '', '1'),
(236, '2017-05-04 10:05:01', '/tetrasma2/t_coal4list.php', '1', 'A', 't_coal4', 'coal3_id', '5', '', '3'),
(237, '2017-05-04 10:05:01', '/tetrasma2/t_coal4list.php', '1', 'A', 't_coal4', 'coal4_no', '5', '', '02'),
(238, '2017-05-04 10:05:01', '/tetrasma2/t_coal4list.php', '1', 'A', 't_coal4', 'coal4_nm', '5', '', 'Asuransi dibayar dimuka'),
(239, '2017-05-04 10:05:01', '/tetrasma2/t_coal4list.php', '1', 'A', 't_coal4', 'coal4_id', '5', '', '5'),
(240, '2017-05-04 10:05:14', '/tetrasma2/t_coal4list.php', '1', 'A', 't_coal4', 'coal1_id', '6', '', '1'),
(241, '2017-05-04 10:05:14', '/tetrasma2/t_coal4list.php', '1', 'A', 't_coal4', 'coal2_id', '6', '', '1'),
(242, '2017-05-04 10:05:14', '/tetrasma2/t_coal4list.php', '1', 'A', 't_coal4', 'coal3_id', '6', '', '3'),
(243, '2017-05-04 10:05:14', '/tetrasma2/t_coal4list.php', '1', 'A', 't_coal4', 'coal4_no', '6', '', '03'),
(244, '2017-05-04 10:05:14', '/tetrasma2/t_coal4list.php', '1', 'A', 't_coal4', 'coal4_nm', '6', '', 'Beban dibayar dimuka'),
(245, '2017-05-04 10:05:14', '/tetrasma2/t_coal4list.php', '1', 'A', 't_coal4', 'coal4_id', '6', '', '6'),
(246, '2017-05-04 10:05:27', '/tetrasma2/t_coal4list.php', '1', 'A', 't_coal4', 'coal1_id', '7', '', '1'),
(247, '2017-05-04 10:05:27', '/tetrasma2/t_coal4list.php', '1', 'A', 't_coal4', 'coal2_id', '7', '', '1'),
(248, '2017-05-04 10:05:27', '/tetrasma2/t_coal4list.php', '1', 'A', 't_coal4', 'coal3_id', '7', '', '3'),
(249, '2017-05-04 10:05:27', '/tetrasma2/t_coal4list.php', '1', 'A', 't_coal4', 'coal4_no', '7', '', '04'),
(250, '2017-05-04 10:05:27', '/tetrasma2/t_coal4list.php', '1', 'A', 't_coal4', 'coal4_nm', '7', '', 'Penyisihan piutang tak tertagih'),
(251, '2017-05-04 10:05:27', '/tetrasma2/t_coal4list.php', '1', 'A', 't_coal4', 'coal4_id', '7', '', '7'),
(252, '2017-05-04 10:05:41', '/tetrasma2/t_coal4list.php', '1', 'A', 't_coal4', 'coal1_id', '8', '', '1'),
(253, '2017-05-04 10:05:41', '/tetrasma2/t_coal4list.php', '1', 'A', 't_coal4', 'coal2_id', '8', '', '1'),
(254, '2017-05-04 10:05:41', '/tetrasma2/t_coal4list.php', '1', 'A', 't_coal4', 'coal3_id', '8', '', '3'),
(255, '2017-05-04 10:05:41', '/tetrasma2/t_coal4list.php', '1', 'A', 't_coal4', 'coal4_no', '8', '', '05'),
(256, '2017-05-04 10:05:41', '/tetrasma2/t_coal4list.php', '1', 'A', 't_coal4', 'coal4_nm', '8', '', 'Pendapatan ymh diterima'),
(257, '2017-05-04 10:05:41', '/tetrasma2/t_coal4list.php', '1', 'A', 't_coal4', 'coal4_id', '8', '', '8'),
(258, '2017-05-04 10:05:58', '/tetrasma2/t_coal4list.php', '1', 'A', 't_coal4', 'coal1_id', '9', '', '1'),
(259, '2017-05-04 10:05:58', '/tetrasma2/t_coal4list.php', '1', 'A', 't_coal4', 'coal2_id', '9', '', '1'),
(260, '2017-05-04 10:05:58', '/tetrasma2/t_coal4list.php', '1', 'A', 't_coal4', 'coal3_id', '9', '', '4'),
(261, '2017-05-04 10:05:58', '/tetrasma2/t_coal4list.php', '1', 'A', 't_coal4', 'coal4_no', '9', '', '01'),
(262, '2017-05-04 10:05:58', '/tetrasma2/t_coal4list.php', '1', 'A', 't_coal4', 'coal4_nm', '9', '', 'Aktiva lain'),
(263, '2017-05-04 10:05:58', '/tetrasma2/t_coal4list.php', '1', 'A', 't_coal4', 'coal4_id', '9', '', '9'),
(264, '2017-05-04 10:06:25', '/tetrasma2/t_coal4list.php', '1', 'A', 't_coal4', 'coal1_id', '10', '', '1'),
(265, '2017-05-04 10:06:25', '/tetrasma2/t_coal4list.php', '1', 'A', 't_coal4', 'coal2_id', '10', '', '2'),
(266, '2017-05-04 10:06:25', '/tetrasma2/t_coal4list.php', '1', 'A', 't_coal4', 'coal3_id', '10', '', '5'),
(267, '2017-05-04 10:06:25', '/tetrasma2/t_coal4list.php', '1', 'A', 't_coal4', 'coal4_no', '10', '', '01'),
(268, '2017-05-04 10:06:25', '/tetrasma2/t_coal4list.php', '1', 'A', 't_coal4', 'coal4_nm', '10', '', 'Tanah'),
(269, '2017-05-04 10:06:25', '/tetrasma2/t_coal4list.php', '1', 'A', 't_coal4', 'coal4_id', '10', '', '10'),
(270, '2017-05-04 10:06:39', '/tetrasma2/t_coal4list.php', '1', 'A', 't_coal4', 'coal1_id', '11', '', '1'),
(271, '2017-05-04 10:06:39', '/tetrasma2/t_coal4list.php', '1', 'A', 't_coal4', 'coal2_id', '11', '', '2'),
(272, '2017-05-04 10:06:39', '/tetrasma2/t_coal4list.php', '1', 'A', 't_coal4', 'coal3_id', '11', '', '5'),
(273, '2017-05-04 10:06:39', '/tetrasma2/t_coal4list.php', '1', 'A', 't_coal4', 'coal4_no', '11', '', '02'),
(274, '2017-05-04 10:06:39', '/tetrasma2/t_coal4list.php', '1', 'A', 't_coal4', 'coal4_nm', '11', '', 'Bangunan'),
(275, '2017-05-04 10:06:39', '/tetrasma2/t_coal4list.php', '1', 'A', 't_coal4', 'coal4_id', '11', '', '11'),
(276, '2017-05-04 10:07:01', '/tetrasma2/t_coal4list.php', '1', 'A', 't_coal4', 'coal1_id', '12', '', '1'),
(277, '2017-05-04 10:07:01', '/tetrasma2/t_coal4list.php', '1', 'A', 't_coal4', 'coal2_id', '12', '', '2'),
(278, '2017-05-04 10:07:01', '/tetrasma2/t_coal4list.php', '1', 'A', 't_coal4', 'coal3_id', '12', '', '5'),
(279, '2017-05-04 10:07:01', '/tetrasma2/t_coal4list.php', '1', 'A', 't_coal4', 'coal4_no', '12', '', '03'),
(280, '2017-05-04 10:07:01', '/tetrasma2/t_coal4list.php', '1', 'A', 't_coal4', 'coal4_nm', '12', '', 'Akumulasi Penyusutan Bangunan'),
(281, '2017-05-04 10:07:01', '/tetrasma2/t_coal4list.php', '1', 'A', 't_coal4', 'coal4_id', '12', '', '12'),
(282, '2017-05-04 10:07:18', '/tetrasma2/t_coal4list.php', '1', 'A', 't_coal4', 'coal1_id', '13', '', '1'),
(283, '2017-05-04 10:07:18', '/tetrasma2/t_coal4list.php', '1', 'A', 't_coal4', 'coal2_id', '13', '', '2'),
(284, '2017-05-04 10:07:18', '/tetrasma2/t_coal4list.php', '1', 'A', 't_coal4', 'coal3_id', '13', '', '5'),
(285, '2017-05-04 10:07:18', '/tetrasma2/t_coal4list.php', '1', 'A', 't_coal4', 'coal4_no', '13', '', '04'),
(286, '2017-05-04 10:07:18', '/tetrasma2/t_coal4list.php', '1', 'A', 't_coal4', 'coal4_nm', '13', '', 'Peralatan / Mebel'),
(287, '2017-05-04 10:07:18', '/tetrasma2/t_coal4list.php', '1', 'A', 't_coal4', 'coal4_id', '13', '', '13'),
(288, '2017-05-04 10:07:37', '/tetrasma2/t_coal4list.php', '1', 'A', 't_coal4', 'coal1_id', '14', '', '1'),
(289, '2017-05-04 10:07:37', '/tetrasma2/t_coal4list.php', '1', 'A', 't_coal4', 'coal2_id', '14', '', '2'),
(290, '2017-05-04 10:07:37', '/tetrasma2/t_coal4list.php', '1', 'A', 't_coal4', 'coal3_id', '14', '', '5'),
(291, '2017-05-04 10:07:37', '/tetrasma2/t_coal4list.php', '1', 'A', 't_coal4', 'coal4_no', '14', '', '05'),
(292, '2017-05-04 10:07:37', '/tetrasma2/t_coal4list.php', '1', 'A', 't_coal4', 'coal4_nm', '14', '', 'Akumulasi Penyusutan Peralatan / Mebel'),
(293, '2017-05-04 10:07:37', '/tetrasma2/t_coal4list.php', '1', 'A', 't_coal4', 'coal4_id', '14', '', '14'),
(294, '2017-05-04 10:07:52', '/tetrasma2/t_coal4list.php', '1', 'A', 't_coal4', 'coal1_id', '15', '', '1'),
(295, '2017-05-04 10:07:52', '/tetrasma2/t_coal4list.php', '1', 'A', 't_coal4', 'coal2_id', '15', '', '2'),
(296, '2017-05-04 10:07:52', '/tetrasma2/t_coal4list.php', '1', 'A', 't_coal4', 'coal3_id', '15', '', '5'),
(297, '2017-05-04 10:07:52', '/tetrasma2/t_coal4list.php', '1', 'A', 't_coal4', 'coal4_no', '15', '', '06'),
(298, '2017-05-04 10:07:52', '/tetrasma2/t_coal4list.php', '1', 'A', 't_coal4', 'coal4_nm', '15', '', 'Inventaris Kantor'),
(299, '2017-05-04 10:07:52', '/tetrasma2/t_coal4list.php', '1', 'A', 't_coal4', 'coal4_id', '15', '', '15'),
(300, '2017-05-04 10:08:06', '/tetrasma2/t_coal4list.php', '1', 'A', 't_coal4', 'coal1_id', '16', '', '1'),
(301, '2017-05-04 10:08:06', '/tetrasma2/t_coal4list.php', '1', 'A', 't_coal4', 'coal2_id', '16', '', '2'),
(302, '2017-05-04 10:08:06', '/tetrasma2/t_coal4list.php', '1', 'A', 't_coal4', 'coal3_id', '16', '', '5'),
(303, '2017-05-04 10:08:06', '/tetrasma2/t_coal4list.php', '1', 'A', 't_coal4', 'coal4_no', '16', '', '07'),
(304, '2017-05-04 10:08:06', '/tetrasma2/t_coal4list.php', '1', 'A', 't_coal4', 'coal4_nm', '16', '', 'Akumulasi Penyusutan Inventaris Kantor'),
(305, '2017-05-04 10:08:06', '/tetrasma2/t_coal4list.php', '1', 'A', 't_coal4', 'coal4_id', '16', '', '16'),
(306, '2017-05-04 10:08:51', '/tetrasma2/t_coal4list.php', '1', 'A', 't_coal4', 'coal1_id', '17', '', '2'),
(307, '2017-05-04 10:08:51', '/tetrasma2/t_coal4list.php', '1', 'A', 't_coal4', 'coal2_id', '17', '', '3'),
(308, '2017-05-04 10:08:51', '/tetrasma2/t_coal4list.php', '1', 'A', 't_coal4', 'coal3_id', '17', '', '6'),
(309, '2017-05-04 10:08:51', '/tetrasma2/t_coal4list.php', '1', 'A', 't_coal4', 'coal4_no', '17', '', '01'),
(310, '2017-05-04 10:08:51', '/tetrasma2/t_coal4list.php', '1', 'A', 't_coal4', 'coal4_nm', '17', '', 'Simpanan Sukarela'),
(311, '2017-05-04 10:08:51', '/tetrasma2/t_coal4list.php', '1', 'A', 't_coal4', 'coal4_id', '17', '', '17'),
(312, '2017-05-04 10:09:07', '/tetrasma2/t_coal4list.php', '1', 'A', 't_coal4', 'coal1_id', '18', '', '2'),
(313, '2017-05-04 10:09:07', '/tetrasma2/t_coal4list.php', '1', 'A', 't_coal4', 'coal2_id', '18', '', '3'),
(314, '2017-05-04 10:09:07', '/tetrasma2/t_coal4list.php', '1', 'A', 't_coal4', 'coal3_id', '18', '', '6'),
(315, '2017-05-04 10:09:07', '/tetrasma2/t_coal4list.php', '1', 'A', 't_coal4', 'coal4_no', '18', '', '02'),
(316, '2017-05-04 10:09:07', '/tetrasma2/t_coal4list.php', '1', 'A', 't_coal4', 'coal4_nm', '18', '', 'Simpanan Berjangka'),
(317, '2017-05-04 10:09:07', '/tetrasma2/t_coal4list.php', '1', 'A', 't_coal4', 'coal4_id', '18', '', '18'),
(318, '2017-05-04 10:09:21', '/tetrasma2/t_coal4list.php', '1', 'A', 't_coal4', 'coal1_id', '19', '', '2'),
(319, '2017-05-04 10:09:21', '/tetrasma2/t_coal4list.php', '1', 'A', 't_coal4', 'coal2_id', '19', '', '3'),
(320, '2017-05-04 10:09:21', '/tetrasma2/t_coal4list.php', '1', 'A', 't_coal4', 'coal3_id', '19', '', '6'),
(321, '2017-05-04 10:09:21', '/tetrasma2/t_coal4list.php', '1', 'A', 't_coal4', 'coal4_no', '19', '', '03'),
(322, '2017-05-04 10:09:21', '/tetrasma2/t_coal4list.php', '1', 'A', 't_coal4', 'coal4_nm', '19', '', 'Simpanan Karyawan'),
(323, '2017-05-04 10:09:21', '/tetrasma2/t_coal4list.php', '1', 'A', 't_coal4', 'coal4_id', '19', '', '19'),
(324, '2017-05-04 10:09:34', '/tetrasma2/t_coal4list.php', '1', 'A', 't_coal4', 'coal1_id', '20', '', '2'),
(325, '2017-05-04 10:09:34', '/tetrasma2/t_coal4list.php', '1', 'A', 't_coal4', 'coal2_id', '20', '', '3'),
(326, '2017-05-04 10:09:34', '/tetrasma2/t_coal4list.php', '1', 'A', 't_coal4', 'coal3_id', '20', '', '6'),
(327, '2017-05-04 10:09:34', '/tetrasma2/t_coal4list.php', '1', 'A', 't_coal4', 'coal4_no', '20', '', '04'),
(328, '2017-05-04 10:09:34', '/tetrasma2/t_coal4list.php', '1', 'A', 't_coal4', 'coal4_nm', '20', '', 'Hutang Bank'),
(329, '2017-05-04 10:09:34', '/tetrasma2/t_coal4list.php', '1', 'A', 't_coal4', 'coal4_id', '20', '', '20'),
(330, '2017-05-04 10:09:48', '/tetrasma2/t_coal4list.php', '1', 'A', 't_coal4', 'coal1_id', '21', '', '2'),
(331, '2017-05-04 10:09:48', '/tetrasma2/t_coal4list.php', '1', 'A', 't_coal4', 'coal2_id', '21', '', '3'),
(332, '2017-05-04 10:09:48', '/tetrasma2/t_coal4list.php', '1', 'A', 't_coal4', 'coal3_id', '21', '', '6'),
(333, '2017-05-04 10:09:48', '/tetrasma2/t_coal4list.php', '1', 'A', 't_coal4', 'coal4_no', '21', '', '05'),
(334, '2017-05-04 10:09:48', '/tetrasma2/t_coal4list.php', '1', 'A', 't_coal4', 'coal4_nm', '21', '', 'Beban YMH Dibayar'),
(335, '2017-05-04 10:09:48', '/tetrasma2/t_coal4list.php', '1', 'A', 't_coal4', 'coal4_id', '21', '', '21'),
(336, '2017-05-04 10:10:15', '/tetrasma2/t_coal4list.php', '1', 'A', 't_coal4', 'coal1_id', '22', '', '2'),
(337, '2017-05-04 10:10:15', '/tetrasma2/t_coal4list.php', '1', 'A', 't_coal4', 'coal2_id', '22', '', '3'),
(338, '2017-05-04 10:10:15', '/tetrasma2/t_coal4list.php', '1', 'A', 't_coal4', 'coal3_id', '22', '', '6'),
(339, '2017-05-04 10:10:15', '/tetrasma2/t_coal4list.php', '1', 'A', 't_coal4', 'coal4_no', '22', '', '99'),
(340, '2017-05-04 10:10:15', '/tetrasma2/t_coal4list.php', '1', 'A', 't_coal4', 'coal4_nm', '22', '', 'Hutang Lain-Lain'),
(341, '2017-05-04 10:10:15', '/tetrasma2/t_coal4list.php', '1', 'A', 't_coal4', 'coal4_id', '22', '', '22'),
(342, '2017-05-04 10:10:39', '/tetrasma2/t_coal4list.php', '1', 'A', 't_coal4', 'coal1_id', '23', '', '2'),
(343, '2017-05-04 10:10:39', '/tetrasma2/t_coal4list.php', '1', 'A', 't_coal4', 'coal2_id', '23', '', '3'),
(344, '2017-05-04 10:10:39', '/tetrasma2/t_coal4list.php', '1', 'A', 't_coal4', 'coal3_id', '23', '', '7'),
(345, '2017-05-04 10:10:39', '/tetrasma2/t_coal4list.php', '1', 'A', 't_coal4', 'coal4_no', '23', '', '01'),
(346, '2017-05-04 10:10:39', '/tetrasma2/t_coal4list.php', '1', 'A', 't_coal4', 'coal4_nm', '23', '', 'Hutang Sewa'),
(347, '2017-05-04 10:10:39', '/tetrasma2/t_coal4list.php', '1', 'A', 't_coal4', 'coal4_id', '23', '', '23'),
(348, '2017-05-04 10:11:12', '/tetrasma2/t_coal4list.php', '1', 'A', 't_coal4', 'coal1_id', '24', '', '3'),
(349, '2017-05-04 10:11:12', '/tetrasma2/t_coal4list.php', '1', 'A', 't_coal4', 'coal2_id', '24', '', '5'),
(350, '2017-05-04 10:11:12', '/tetrasma2/t_coal4list.php', '1', 'A', 't_coal4', 'coal3_id', '24', '', '8'),
(351, '2017-05-04 10:11:12', '/tetrasma2/t_coal4list.php', '1', 'A', 't_coal4', 'coal4_no', '24', '', '01'),
(352, '2017-05-04 10:11:12', '/tetrasma2/t_coal4list.php', '1', 'A', 't_coal4', 'coal4_nm', '24', '', 'Simpanan Pokok'),
(353, '2017-05-04 10:11:12', '/tetrasma2/t_coal4list.php', '1', 'A', 't_coal4', 'coal4_id', '24', '', '24'),
(354, '2017-05-04 10:11:27', '/tetrasma2/t_coal4list.php', '1', 'A', 't_coal4', 'coal1_id', '25', '', '3'),
(355, '2017-05-04 10:11:27', '/tetrasma2/t_coal4list.php', '1', 'A', 't_coal4', 'coal2_id', '25', '', '5'),
(356, '2017-05-04 10:11:27', '/tetrasma2/t_coal4list.php', '1', 'A', 't_coal4', 'coal3_id', '25', '', '8'),
(357, '2017-05-04 10:11:27', '/tetrasma2/t_coal4list.php', '1', 'A', 't_coal4', 'coal4_no', '25', '', '02'),
(358, '2017-05-04 10:11:27', '/tetrasma2/t_coal4list.php', '1', 'A', 't_coal4', 'coal4_nm', '25', '', 'Simpanan Wajib'),
(359, '2017-05-04 10:11:27', '/tetrasma2/t_coal4list.php', '1', 'A', 't_coal4', 'coal4_id', '25', '', '25'),
(360, '2017-05-04 10:11:40', '/tetrasma2/t_coal4list.php', '1', 'A', 't_coal4', 'coal1_id', '26', '', '3'),
(361, '2017-05-04 10:11:40', '/tetrasma2/t_coal4list.php', '1', 'A', 't_coal4', 'coal2_id', '26', '', '5'),
(362, '2017-05-04 10:11:40', '/tetrasma2/t_coal4list.php', '1', 'A', 't_coal4', 'coal3_id', '26', '', '8'),
(363, '2017-05-04 10:11:40', '/tetrasma2/t_coal4list.php', '1', 'A', 't_coal4', 'coal4_no', '26', '', '03'),
(364, '2017-05-04 10:11:40', '/tetrasma2/t_coal4list.php', '1', 'A', 't_coal4', 'coal4_nm', '26', '', 'Donasi'),
(365, '2017-05-04 10:11:40', '/tetrasma2/t_coal4list.php', '1', 'A', 't_coal4', 'coal4_id', '26', '', '26'),
(366, '2017-05-04 10:11:52', '/tetrasma2/t_coal4list.php', '1', 'A', 't_coal4', 'coal1_id', '27', '', '3'),
(367, '2017-05-04 10:11:52', '/tetrasma2/t_coal4list.php', '1', 'A', 't_coal4', 'coal2_id', '27', '', '5'),
(368, '2017-05-04 10:11:52', '/tetrasma2/t_coal4list.php', '1', 'A', 't_coal4', 'coal3_id', '27', '', '8'),
(369, '2017-05-04 10:11:52', '/tetrasma2/t_coal4list.php', '1', 'A', 't_coal4', 'coal4_no', '27', '', '04'),
(370, '2017-05-04 10:11:52', '/tetrasma2/t_coal4list.php', '1', 'A', 't_coal4', 'coal4_nm', '27', '', 'Modal Penyertaan'),
(371, '2017-05-04 10:11:52', '/tetrasma2/t_coal4list.php', '1', 'A', 't_coal4', 'coal4_id', '27', '', '27'),
(372, '2017-05-04 10:12:05', '/tetrasma2/t_coal4list.php', '1', 'A', 't_coal4', 'coal1_id', '28', '', '3'),
(373, '2017-05-04 10:12:05', '/tetrasma2/t_coal4list.php', '1', 'A', 't_coal4', 'coal2_id', '28', '', '5'),
(374, '2017-05-04 10:12:05', '/tetrasma2/t_coal4list.php', '1', 'A', 't_coal4', 'coal3_id', '28', '', '8'),
(375, '2017-05-04 10:12:05', '/tetrasma2/t_coal4list.php', '1', 'A', 't_coal4', 'coal4_no', '28', '', '05'),
(376, '2017-05-04 10:12:05', '/tetrasma2/t_coal4list.php', '1', 'A', 't_coal4', 'coal4_nm', '28', '', 'Cad. Tujuan Resiko'),
(377, '2017-05-04 10:12:05', '/tetrasma2/t_coal4list.php', '1', 'A', 't_coal4', 'coal4_id', '28', '', '28'),
(378, '2017-05-04 10:12:29', '/tetrasma2/t_coal4list.php', '1', 'A', 't_coal4', 'coal1_id', '29', '', '3'),
(379, '2017-05-04 10:12:29', '/tetrasma2/t_coal4list.php', '1', 'A', 't_coal4', 'coal2_id', '29', '', '5'),
(380, '2017-05-04 10:12:29', '/tetrasma2/t_coal4list.php', '1', 'A', 't_coal4', 'coal3_id', '29', '', '9'),
(381, '2017-05-04 10:12:29', '/tetrasma2/t_coal4list.php', '1', 'A', 't_coal4', 'coal4_no', '29', '', '01'),
(382, '2017-05-04 10:12:29', '/tetrasma2/t_coal4list.php', '1', 'A', 't_coal4', 'coal4_nm', '29', '', 'Laba Periode Berjalan'),
(383, '2017-05-04 10:12:29', '/tetrasma2/t_coal4list.php', '1', 'A', 't_coal4', 'coal4_id', '29', '', '29'),
(384, '2017-05-04 10:12:46', '/tetrasma2/t_coal4list.php', '1', 'A', 't_coal4', 'coal1_id', '30', '', '3'),
(385, '2017-05-04 10:12:46', '/tetrasma2/t_coal4list.php', '1', 'A', 't_coal4', 'coal2_id', '30', '', '5'),
(386, '2017-05-04 10:12:46', '/tetrasma2/t_coal4list.php', '1', 'A', 't_coal4', 'coal3_id', '30', '', '9'),
(387, '2017-05-04 10:12:46', '/tetrasma2/t_coal4list.php', '1', 'A', 't_coal4', 'coal4_no', '30', '', '02'),
(388, '2017-05-04 10:12:46', '/tetrasma2/t_coal4list.php', '1', 'A', 't_coal4', 'coal4_nm', '30', '', 'Cadangan SHU'),
(389, '2017-05-04 10:12:46', '/tetrasma2/t_coal4list.php', '1', 'A', 't_coal4', 'coal4_id', '30', '', '30'),
(390, '2017-05-04 10:13:13', '/tetrasma2/t_coal4list.php', '1', 'A', 't_coal4', 'coal1_id', '31', '', '4'),
(391, '2017-05-04 10:13:13', '/tetrasma2/t_coal4list.php', '1', 'A', 't_coal4', 'coal2_id', '31', '', '6'),
(392, '2017-05-04 10:13:13', '/tetrasma2/t_coal4list.php', '1', 'A', 't_coal4', 'coal3_id', '31', '', '11'),
(393, '2017-05-04 10:13:13', '/tetrasma2/t_coal4list.php', '1', 'A', 't_coal4', 'coal4_no', '31', '', '01'),
(394, '2017-05-04 10:13:13', '/tetrasma2/t_coal4list.php', '1', 'A', 't_coal4', 'coal4_nm', '31', '', 'Pendapatan Bunga'),
(395, '2017-05-04 10:13:13', '/tetrasma2/t_coal4list.php', '1', 'A', 't_coal4', 'coal4_id', '31', '', '31'),
(396, '2017-05-04 10:13:28', '/tetrasma2/t_coal4list.php', '1', 'A', 't_coal4', 'coal1_id', '32', '', '4'),
(397, '2017-05-04 10:13:28', '/tetrasma2/t_coal4list.php', '1', 'A', 't_coal4', 'coal2_id', '32', '', '6'),
(398, '2017-05-04 10:13:28', '/tetrasma2/t_coal4list.php', '1', 'A', 't_coal4', 'coal3_id', '32', '', '11'),
(399, '2017-05-04 10:13:28', '/tetrasma2/t_coal4list.php', '1', 'A', 't_coal4', 'coal4_no', '32', '', '02'),
(400, '2017-05-04 10:13:28', '/tetrasma2/t_coal4list.php', '1', 'A', 't_coal4', 'coal4_nm', '32', '', 'Pendapatan Provisi'),
(401, '2017-05-04 10:13:28', '/tetrasma2/t_coal4list.php', '1', 'A', 't_coal4', 'coal4_id', '32', '', '32'),
(402, '2017-05-04 10:13:42', '/tetrasma2/t_coal4list.php', '1', 'A', 't_coal4', 'coal1_id', '33', '', '4'),
(403, '2017-05-04 10:13:42', '/tetrasma2/t_coal4list.php', '1', 'A', 't_coal4', 'coal2_id', '33', '', '6'),
(404, '2017-05-04 10:13:42', '/tetrasma2/t_coal4list.php', '1', 'A', 't_coal4', 'coal3_id', '33', '', '11'),
(405, '2017-05-04 10:13:42', '/tetrasma2/t_coal4list.php', '1', 'A', 't_coal4', 'coal4_no', '33', '', '03'),
(406, '2017-05-04 10:13:42', '/tetrasma2/t_coal4list.php', '1', 'A', 't_coal4', 'coal4_nm', '33', '', 'Pendapatan Administrasi'),
(407, '2017-05-04 10:13:42', '/tetrasma2/t_coal4list.php', '1', 'A', 't_coal4', 'coal4_id', '33', '', '33'),
(408, '2017-05-04 10:13:56', '/tetrasma2/t_coal4list.php', '1', 'A', 't_coal4', 'coal1_id', '34', '', '4'),
(409, '2017-05-04 10:13:56', '/tetrasma2/t_coal4list.php', '1', 'A', 't_coal4', 'coal2_id', '34', '', '6'),
(410, '2017-05-04 10:13:56', '/tetrasma2/t_coal4list.php', '1', 'A', 't_coal4', 'coal3_id', '34', '', '11'),
(411, '2017-05-04 10:13:56', '/tetrasma2/t_coal4list.php', '1', 'A', 't_coal4', 'coal4_no', '34', '', '99'),
(412, '2017-05-04 10:13:56', '/tetrasma2/t_coal4list.php', '1', 'A', 't_coal4', 'coal4_nm', '34', '', 'Pendapatan Lainnya'),
(413, '2017-05-04 10:13:56', '/tetrasma2/t_coal4list.php', '1', 'A', 't_coal4', 'coal4_id', '34', '', '34'),
(414, '2017-05-04 10:14:23', '/tetrasma2/t_coal4list.php', '1', 'A', 't_coal4', 'coal1_id', '35', '', '5'),
(415, '2017-05-04 10:14:23', '/tetrasma2/t_coal4list.php', '1', 'A', 't_coal4', 'coal2_id', '35', '', '7'),
(416, '2017-05-04 10:14:23', '/tetrasma2/t_coal4list.php', '1', 'A', 't_coal4', 'coal3_id', '35', '', '12'),
(417, '2017-05-04 10:14:23', '/tetrasma2/t_coal4list.php', '1', 'A', 't_coal4', 'coal4_no', '35', '', '01'),
(418, '2017-05-04 10:14:23', '/tetrasma2/t_coal4list.php', '1', 'A', 't_coal4', 'coal4_nm', '35', '', 'Biaya Langsung'),
(419, '2017-05-04 10:14:23', '/tetrasma2/t_coal4list.php', '1', 'A', 't_coal4', 'coal4_id', '35', '', '35'),
(420, '2017-05-04 10:15:02', '/tetrasma2/t_coal4list.php', '1', 'A', 't_coal4', 'coal1_id', '36', '', '6'),
(421, '2017-05-04 10:15:02', '/tetrasma2/t_coal4list.php', '1', 'A', 't_coal4', 'coal2_id', '36', '', '8'),
(422, '2017-05-04 10:15:02', '/tetrasma2/t_coal4list.php', '1', 'A', 't_coal4', 'coal3_id', '36', '', '13'),
(423, '2017-05-04 10:15:02', '/tetrasma2/t_coal4list.php', '1', 'A', 't_coal4', 'coal4_no', '36', '', '01'),
(424, '2017-05-04 10:15:02', '/tetrasma2/t_coal4list.php', '1', 'A', 't_coal4', 'coal4_nm', '36', '', 'Bunga Simpanan'),
(425, '2017-05-04 10:15:02', '/tetrasma2/t_coal4list.php', '1', 'A', 't_coal4', 'coal4_id', '36', '', '36'),
(426, '2017-05-04 10:15:15', '/tetrasma2/t_coal4list.php', '1', 'A', 't_coal4', 'coal1_id', '37', '', '6'),
(427, '2017-05-04 10:15:15', '/tetrasma2/t_coal4list.php', '1', 'A', 't_coal4', 'coal2_id', '37', '', '8'),
(428, '2017-05-04 10:15:15', '/tetrasma2/t_coal4list.php', '1', 'A', 't_coal4', 'coal3_id', '37', '', '13'),
(429, '2017-05-04 10:15:15', '/tetrasma2/t_coal4list.php', '1', 'A', 't_coal4', 'coal4_no', '37', '', '02'),
(430, '2017-05-04 10:15:15', '/tetrasma2/t_coal4list.php', '1', 'A', 't_coal4', 'coal4_nm', '37', '', 'Bunga Bank'),
(431, '2017-05-04 10:15:15', '/tetrasma2/t_coal4list.php', '1', 'A', 't_coal4', 'coal4_id', '37', '', '37'),
(432, '2017-05-04 10:15:27', '/tetrasma2/t_coal4list.php', '1', 'A', 't_coal4', 'coal1_id', '38', '', '6'),
(433, '2017-05-04 10:15:27', '/tetrasma2/t_coal4list.php', '1', 'A', 't_coal4', 'coal2_id', '38', '', '8'),
(434, '2017-05-04 10:15:27', '/tetrasma2/t_coal4list.php', '1', 'A', 't_coal4', 'coal3_id', '38', '', '13'),
(435, '2017-05-04 10:15:27', '/tetrasma2/t_coal4list.php', '1', 'A', 't_coal4', 'coal4_no', '38', '', '03'),
(436, '2017-05-04 10:15:27', '/tetrasma2/t_coal4list.php', '1', 'A', 't_coal4', 'coal4_nm', '38', '', 'Bunga Simpanan Lain-Lain'),
(437, '2017-05-04 10:15:27', '/tetrasma2/t_coal4list.php', '1', 'A', 't_coal4', 'coal4_id', '38', '', '38'),
(438, '2017-05-04 10:15:41', '/tetrasma2/t_coal4list.php', '1', 'A', 't_coal4', 'coal1_id', '39', '', '6'),
(439, '2017-05-04 10:15:41', '/tetrasma2/t_coal4list.php', '1', 'A', 't_coal4', 'coal2_id', '39', '', '8'),
(440, '2017-05-04 10:15:41', '/tetrasma2/t_coal4list.php', '1', 'A', 't_coal4', 'coal3_id', '39', '', '13'),
(441, '2017-05-04 10:15:41', '/tetrasma2/t_coal4list.php', '1', 'A', 't_coal4', 'coal4_no', '39', '', '04'),
(442, '2017-05-04 10:15:41', '/tetrasma2/t_coal4list.php', '1', 'A', 't_coal4', 'coal4_nm', '39', '', 'Bunga Simpanan Berjangka'),
(443, '2017-05-04 10:15:41', '/tetrasma2/t_coal4list.php', '1', 'A', 't_coal4', 'coal4_id', '39', '', '39'),
(444, '2017-05-04 10:15:55', '/tetrasma2/t_coal4list.php', '1', 'A', 't_coal4', 'coal1_id', '40', '', '6'),
(445, '2017-05-04 10:15:55', '/tetrasma2/t_coal4list.php', '1', 'A', 't_coal4', 'coal2_id', '40', '', '8'),
(446, '2017-05-04 10:15:55', '/tetrasma2/t_coal4list.php', '1', 'A', 't_coal4', 'coal3_id', '40', '', '13'),
(447, '2017-05-04 10:15:55', '/tetrasma2/t_coal4list.php', '1', 'A', 't_coal4', 'coal4_no', '40', '', '05'),
(448, '2017-05-04 10:15:55', '/tetrasma2/t_coal4list.php', '1', 'A', 't_coal4', 'coal4_nm', '40', '', 'Bunga Simpanan Khusus'),
(449, '2017-05-04 10:15:55', '/tetrasma2/t_coal4list.php', '1', 'A', 't_coal4', 'coal4_id', '40', '', '40'),
(450, '2017-05-04 10:16:08', '/tetrasma2/t_coal4list.php', '1', 'A', 't_coal4', 'coal1_id', '41', '', '6'),
(451, '2017-05-04 10:16:08', '/tetrasma2/t_coal4list.php', '1', 'A', 't_coal4', 'coal2_id', '41', '', '8'),
(452, '2017-05-04 10:16:08', '/tetrasma2/t_coal4list.php', '1', 'A', 't_coal4', 'coal3_id', '41', '', '13'),
(453, '2017-05-04 10:16:08', '/tetrasma2/t_coal4list.php', '1', 'A', 't_coal4', 'coal4_no', '41', '', '06'),
(454, '2017-05-04 10:16:08', '/tetrasma2/t_coal4list.php', '1', 'A', 't_coal4', 'coal4_nm', '41', '', 'Biaya Penysh. Piut. Tak Tertg.'),
(455, '2017-05-04 10:16:08', '/tetrasma2/t_coal4list.php', '1', 'A', 't_coal4', 'coal4_id', '41', '', '41'),
(456, '2017-05-04 10:16:23', '/tetrasma2/t_coal4list.php', '1', 'A', 't_coal4', 'coal1_id', '42', '', '6'),
(457, '2017-05-04 10:16:23', '/tetrasma2/t_coal4list.php', '1', 'A', 't_coal4', 'coal2_id', '42', '', '8'),
(458, '2017-05-04 10:16:23', '/tetrasma2/t_coal4list.php', '1', 'A', 't_coal4', 'coal3_id', '42', '', '13');
INSERT INTO `t_audittrail` (`id`, `datetime`, `script`, `user`, `action`, `table`, `field`, `keyvalue`, `oldvalue`, `newvalue`) VALUES
(459, '2017-05-04 10:16:23', '/tetrasma2/t_coal4list.php', '1', 'A', 't_coal4', 'coal4_no', '42', '', '07'),
(460, '2017-05-04 10:16:23', '/tetrasma2/t_coal4list.php', '1', 'A', 't_coal4', 'coal4_nm', '42', '', 'Biaya Asuransi'),
(461, '2017-05-04 10:16:23', '/tetrasma2/t_coal4list.php', '1', 'A', 't_coal4', 'coal4_id', '42', '', '42'),
(462, '2017-05-04 10:16:37', '/tetrasma2/t_coal4list.php', '1', 'A', 't_coal4', 'coal1_id', '43', '', '6'),
(463, '2017-05-04 10:16:37', '/tetrasma2/t_coal4list.php', '1', 'A', 't_coal4', 'coal2_id', '43', '', '8'),
(464, '2017-05-04 10:16:37', '/tetrasma2/t_coal4list.php', '1', 'A', 't_coal4', 'coal3_id', '43', '', '13'),
(465, '2017-05-04 10:16:37', '/tetrasma2/t_coal4list.php', '1', 'A', 't_coal4', 'coal4_no', '43', '', '08'),
(466, '2017-05-04 10:16:37', '/tetrasma2/t_coal4list.php', '1', 'A', 't_coal4', 'coal4_nm', '43', '', 'Biaya Audit'),
(467, '2017-05-04 10:16:37', '/tetrasma2/t_coal4list.php', '1', 'A', 't_coal4', 'coal4_id', '43', '', '43'),
(468, '2017-05-04 10:16:51', '/tetrasma2/t_coal4list.php', '1', 'A', 't_coal4', 'coal1_id', '44', '', '6'),
(469, '2017-05-04 10:16:51', '/tetrasma2/t_coal4list.php', '1', 'A', 't_coal4', 'coal2_id', '44', '', '8'),
(470, '2017-05-04 10:16:51', '/tetrasma2/t_coal4list.php', '1', 'A', 't_coal4', 'coal3_id', '44', '', '13'),
(471, '2017-05-04 10:16:51', '/tetrasma2/t_coal4list.php', '1', 'A', 't_coal4', 'coal4_no', '44', '', '09'),
(472, '2017-05-04 10:16:51', '/tetrasma2/t_coal4list.php', '1', 'A', 't_coal4', 'coal4_nm', '44', '', 'Biaya Pajak'),
(473, '2017-05-04 10:16:51', '/tetrasma2/t_coal4list.php', '1', 'A', 't_coal4', 'coal4_id', '44', '', '44'),
(474, '2017-05-04 10:17:42', '/tetrasma2/t_coal4list.php', '1', 'A', 't_coal4', 'coal1_id', '45', '', '6'),
(475, '2017-05-04 10:17:42', '/tetrasma2/t_coal4list.php', '1', 'A', 't_coal4', 'coal2_id', '45', '', '8'),
(476, '2017-05-04 10:17:42', '/tetrasma2/t_coal4list.php', '1', 'A', 't_coal4', 'coal3_id', '45', '', '13'),
(477, '2017-05-04 10:17:42', '/tetrasma2/t_coal4list.php', '1', 'A', 't_coal4', 'coal4_no', '45', '', '99'),
(478, '2017-05-04 10:17:42', '/tetrasma2/t_coal4list.php', '1', 'A', 't_coal4', 'coal4_nm', '45', '', 'Biaya Keu. Lain-Lain'),
(479, '2017-05-04 10:17:42', '/tetrasma2/t_coal4list.php', '1', 'A', 't_coal4', 'coal4_id', '45', '', '45'),
(480, '2017-05-04 10:18:01', '/tetrasma2/t_coal4list.php', '1', 'A', 't_coal4', 'coal1_id', '46', '', '6'),
(481, '2017-05-04 10:18:01', '/tetrasma2/t_coal4list.php', '1', 'A', 't_coal4', 'coal2_id', '46', '', '8'),
(482, '2017-05-04 10:18:01', '/tetrasma2/t_coal4list.php', '1', 'A', 't_coal4', 'coal3_id', '46', '', '14'),
(483, '2017-05-04 10:18:01', '/tetrasma2/t_coal4list.php', '1', 'A', 't_coal4', 'coal4_no', '46', '', '01'),
(484, '2017-05-04 10:18:01', '/tetrasma2/t_coal4list.php', '1', 'A', 't_coal4', 'coal4_nm', '46', '', 'Biaya Rapat Pengurus'),
(485, '2017-05-04 10:18:01', '/tetrasma2/t_coal4list.php', '1', 'A', 't_coal4', 'coal4_id', '46', '', '46'),
(486, '2017-05-04 10:18:18', '/tetrasma2/t_coal4list.php', '1', 'A', 't_coal4', 'coal1_id', '47', '', '6'),
(487, '2017-05-04 10:18:18', '/tetrasma2/t_coal4list.php', '1', 'A', 't_coal4', 'coal2_id', '47', '', '8'),
(488, '2017-05-04 10:18:18', '/tetrasma2/t_coal4list.php', '1', 'A', 't_coal4', 'coal3_id', '47', '', '14'),
(489, '2017-05-04 10:18:18', '/tetrasma2/t_coal4list.php', '1', 'A', 't_coal4', 'coal4_no', '47', '', '02'),
(490, '2017-05-04 10:18:18', '/tetrasma2/t_coal4list.php', '1', 'A', 't_coal4', 'coal4_nm', '47', '', 'Biaya Rapat Anggota'),
(491, '2017-05-04 10:18:18', '/tetrasma2/t_coal4list.php', '1', 'A', 't_coal4', 'coal4_id', '47', '', '47'),
(492, '2017-05-04 10:18:33', '/tetrasma2/t_coal4list.php', '1', 'A', 't_coal4', 'coal1_id', '48', '', '6'),
(493, '2017-05-04 10:18:33', '/tetrasma2/t_coal4list.php', '1', 'A', 't_coal4', 'coal2_id', '48', '', '8'),
(494, '2017-05-04 10:18:33', '/tetrasma2/t_coal4list.php', '1', 'A', 't_coal4', 'coal3_id', '48', '', '14'),
(495, '2017-05-04 10:18:33', '/tetrasma2/t_coal4list.php', '1', 'A', 't_coal4', 'coal4_no', '48', '', '03'),
(496, '2017-05-04 10:18:33', '/tetrasma2/t_coal4list.php', '1', 'A', 't_coal4', 'coal4_nm', '48', '', 'Biaya Perjalanan Dinas'),
(497, '2017-05-04 10:18:33', '/tetrasma2/t_coal4list.php', '1', 'A', 't_coal4', 'coal4_id', '48', '', '48'),
(498, '2017-05-04 10:18:48', '/tetrasma2/t_coal4list.php', '1', 'A', 't_coal4', 'coal1_id', '49', '', '6'),
(499, '2017-05-04 10:18:48', '/tetrasma2/t_coal4list.php', '1', 'A', 't_coal4', 'coal2_id', '49', '', '8'),
(500, '2017-05-04 10:18:48', '/tetrasma2/t_coal4list.php', '1', 'A', 't_coal4', 'coal3_id', '49', '', '14'),
(501, '2017-05-04 10:18:48', '/tetrasma2/t_coal4list.php', '1', 'A', 't_coal4', 'coal4_no', '49', '', '04'),
(502, '2017-05-04 10:18:48', '/tetrasma2/t_coal4list.php', '1', 'A', 't_coal4', 'coal4_nm', '49', '', 'Biaya Diklat'),
(503, '2017-05-04 10:18:48', '/tetrasma2/t_coal4list.php', '1', 'A', 't_coal4', 'coal4_id', '49', '', '49'),
(504, '2017-05-04 10:19:02', '/tetrasma2/t_coal4list.php', '1', 'A', 't_coal4', 'coal1_id', '50', '', '6'),
(505, '2017-05-04 10:19:02', '/tetrasma2/t_coal4list.php', '1', 'A', 't_coal4', 'coal2_id', '50', '', '8'),
(506, '2017-05-04 10:19:02', '/tetrasma2/t_coal4list.php', '1', 'A', 't_coal4', 'coal3_id', '50', '', '14'),
(507, '2017-05-04 10:19:02', '/tetrasma2/t_coal4list.php', '1', 'A', 't_coal4', 'coal4_no', '50', '', '05'),
(508, '2017-05-04 10:19:02', '/tetrasma2/t_coal4list.php', '1', 'A', 't_coal4', 'coal4_nm', '50', '', 'Biaya Honorarium Pengurus'),
(509, '2017-05-04 10:19:02', '/tetrasma2/t_coal4list.php', '1', 'A', 't_coal4', 'coal4_id', '50', '', '50'),
(510, '2017-05-04 10:19:16', '/tetrasma2/t_coal4list.php', '1', 'A', 't_coal4', 'coal1_id', '51', '', '6'),
(511, '2017-05-04 10:19:16', '/tetrasma2/t_coal4list.php', '1', 'A', 't_coal4', 'coal2_id', '51', '', '8'),
(512, '2017-05-04 10:19:16', '/tetrasma2/t_coal4list.php', '1', 'A', 't_coal4', 'coal3_id', '51', '', '14'),
(513, '2017-05-04 10:19:16', '/tetrasma2/t_coal4list.php', '1', 'A', 't_coal4', 'coal4_no', '51', '', '06'),
(514, '2017-05-04 10:19:16', '/tetrasma2/t_coal4list.php', '1', 'A', 't_coal4', 'coal4_nm', '51', '', 'Biaya Pembinaan'),
(515, '2017-05-04 10:19:16', '/tetrasma2/t_coal4list.php', '1', 'A', 't_coal4', 'coal4_id', '51', '', '51'),
(516, '2017-05-04 10:19:44', '/tetrasma2/t_coal4list.php', '1', 'A', 't_coal4', 'coal1_id', '52', '', '6'),
(517, '2017-05-04 10:19:44', '/tetrasma2/t_coal4list.php', '1', 'A', 't_coal4', 'coal2_id', '52', '', '8'),
(518, '2017-05-04 10:19:44', '/tetrasma2/t_coal4list.php', '1', 'A', 't_coal4', 'coal3_id', '52', '', '14'),
(519, '2017-05-04 10:19:44', '/tetrasma2/t_coal4list.php', '1', 'A', 't_coal4', 'coal4_no', '52', '', '99'),
(520, '2017-05-04 10:19:44', '/tetrasma2/t_coal4list.php', '1', 'A', 't_coal4', 'coal4_nm', '52', '', 'Biaya Org. Lain-Lain'),
(521, '2017-05-04 10:19:44', '/tetrasma2/t_coal4list.php', '1', 'A', 't_coal4', 'coal4_id', '52', '', '52'),
(522, '2017-05-04 10:20:09', '/tetrasma2/t_coal4list.php', '1', 'A', 't_coal4', 'coal1_id', '53', '', '6'),
(523, '2017-05-04 10:20:09', '/tetrasma2/t_coal4list.php', '1', 'A', 't_coal4', 'coal2_id', '53', '', '8'),
(524, '2017-05-04 10:20:09', '/tetrasma2/t_coal4list.php', '1', 'A', 't_coal4', 'coal3_id', '53', '', '15'),
(525, '2017-05-04 10:20:09', '/tetrasma2/t_coal4list.php', '1', 'A', 't_coal4', 'coal4_no', '53', '', '01'),
(526, '2017-05-04 10:20:09', '/tetrasma2/t_coal4list.php', '1', 'A', 't_coal4', 'coal4_nm', '53', '', 'Gaji Karyawan'),
(527, '2017-05-04 10:20:09', '/tetrasma2/t_coal4list.php', '1', 'A', 't_coal4', 'coal4_id', '53', '', '53'),
(528, '2017-05-04 10:20:23', '/tetrasma2/t_coal4list.php', '1', 'A', 't_coal4', 'coal1_id', '54', '', '6'),
(529, '2017-05-04 10:20:23', '/tetrasma2/t_coal4list.php', '1', 'A', 't_coal4', 'coal2_id', '54', '', '8'),
(530, '2017-05-04 10:20:23', '/tetrasma2/t_coal4list.php', '1', 'A', 't_coal4', 'coal3_id', '54', '', '15'),
(531, '2017-05-04 10:20:23', '/tetrasma2/t_coal4list.php', '1', 'A', 't_coal4', 'coal4_no', '54', '', '02'),
(532, '2017-05-04 10:20:23', '/tetrasma2/t_coal4list.php', '1', 'A', 't_coal4', 'coal4_nm', '54', '', 'Tunjangan'),
(533, '2017-05-04 10:20:23', '/tetrasma2/t_coal4list.php', '1', 'A', 't_coal4', 'coal4_id', '54', '', '54'),
(534, '2017-05-04 10:20:35', '/tetrasma2/t_coal4list.php', '1', 'A', 't_coal4', 'coal1_id', '55', '', '6'),
(535, '2017-05-04 10:20:35', '/tetrasma2/t_coal4list.php', '1', 'A', 't_coal4', 'coal2_id', '55', '', '8'),
(536, '2017-05-04 10:20:35', '/tetrasma2/t_coal4list.php', '1', 'A', 't_coal4', 'coal3_id', '55', '', '15'),
(537, '2017-05-04 10:20:35', '/tetrasma2/t_coal4list.php', '1', 'A', 't_coal4', 'coal4_no', '55', '', '03'),
(538, '2017-05-04 10:20:35', '/tetrasma2/t_coal4list.php', '1', 'A', 't_coal4', 'coal4_nm', '55', '', 'Konsumsi'),
(539, '2017-05-04 10:20:35', '/tetrasma2/t_coal4list.php', '1', 'A', 't_coal4', 'coal4_id', '55', '', '55'),
(540, '2017-05-04 10:20:51', '/tetrasma2/t_coal4list.php', '1', 'A', 't_coal4', 'coal1_id', '56', '', '6'),
(541, '2017-05-04 10:20:51', '/tetrasma2/t_coal4list.php', '1', 'A', 't_coal4', 'coal2_id', '56', '', '8'),
(542, '2017-05-04 10:20:51', '/tetrasma2/t_coal4list.php', '1', 'A', 't_coal4', 'coal3_id', '56', '', '15'),
(543, '2017-05-04 10:20:51', '/tetrasma2/t_coal4list.php', '1', 'A', 't_coal4', 'coal4_no', '56', '', '04'),
(544, '2017-05-04 10:20:51', '/tetrasma2/t_coal4list.php', '1', 'A', 't_coal4', 'coal4_nm', '56', '', 'Biaya Transport Dinas'),
(545, '2017-05-04 10:20:51', '/tetrasma2/t_coal4list.php', '1', 'A', 't_coal4', 'coal4_id', '56', '', '56'),
(546, '2017-05-04 10:21:10', '/tetrasma2/t_coal4list.php', '1', 'A', 't_coal4', 'coal1_id', '57', '', '6'),
(547, '2017-05-04 10:21:10', '/tetrasma2/t_coal4list.php', '1', 'A', 't_coal4', 'coal2_id', '57', '', '8'),
(548, '2017-05-04 10:21:10', '/tetrasma2/t_coal4list.php', '1', 'A', 't_coal4', 'coal3_id', '57', '', '15'),
(549, '2017-05-04 10:21:10', '/tetrasma2/t_coal4list.php', '1', 'A', 't_coal4', 'coal4_no', '57', '', '05'),
(550, '2017-05-04 10:21:10', '/tetrasma2/t_coal4list.php', '1', 'A', 't_coal4', 'coal4_nm', '57', '', 'Biaya Pendidikan'),
(551, '2017-05-04 10:21:10', '/tetrasma2/t_coal4list.php', '1', 'A', 't_coal4', 'coal4_id', '57', '', '57'),
(552, '2017-05-04 10:21:28', '/tetrasma2/t_coal4list.php', '1', 'A', 't_coal4', 'coal1_id', '58', '', '6'),
(553, '2017-05-04 10:21:28', '/tetrasma2/t_coal4list.php', '1', 'A', 't_coal4', 'coal2_id', '58', '', '8'),
(554, '2017-05-04 10:21:28', '/tetrasma2/t_coal4list.php', '1', 'A', 't_coal4', 'coal3_id', '58', '', '16'),
(555, '2017-05-04 10:21:28', '/tetrasma2/t_coal4list.php', '1', 'A', 't_coal4', 'coal4_no', '58', '', '01'),
(556, '2017-05-04 10:21:28', '/tetrasma2/t_coal4list.php', '1', 'A', 't_coal4', 'coal4_nm', '58', '', 'Biaya Alat Tulis'),
(557, '2017-05-04 10:21:28', '/tetrasma2/t_coal4list.php', '1', 'A', 't_coal4', 'coal4_id', '58', '', '58'),
(558, '2017-05-04 10:21:45', '/tetrasma2/t_coal4list.php', '1', 'A', 't_coal4', 'coal1_id', '59', '', '6'),
(559, '2017-05-04 10:21:45', '/tetrasma2/t_coal4list.php', '1', 'A', 't_coal4', 'coal2_id', '59', '', '8'),
(560, '2017-05-04 10:21:45', '/tetrasma2/t_coal4list.php', '1', 'A', 't_coal4', 'coal3_id', '59', '', '16'),
(561, '2017-05-04 10:21:45', '/tetrasma2/t_coal4list.php', '1', 'A', 't_coal4', 'coal4_no', '59', '', '02'),
(562, '2017-05-04 10:21:45', '/tetrasma2/t_coal4list.php', '1', 'A', 't_coal4', 'coal4_nm', '59', '', 'Biaya Listrik'),
(563, '2017-05-04 10:21:45', '/tetrasma2/t_coal4list.php', '1', 'A', 't_coal4', 'coal4_id', '59', '', '59'),
(564, '2017-05-04 10:21:58', '/tetrasma2/t_coal4list.php', '1', 'A', 't_coal4', 'coal1_id', '60', '', '6'),
(565, '2017-05-04 10:21:58', '/tetrasma2/t_coal4list.php', '1', 'A', 't_coal4', 'coal2_id', '60', '', '8'),
(566, '2017-05-04 10:21:58', '/tetrasma2/t_coal4list.php', '1', 'A', 't_coal4', 'coal3_id', '60', '', '16'),
(567, '2017-05-04 10:21:58', '/tetrasma2/t_coal4list.php', '1', 'A', 't_coal4', 'coal4_no', '60', '', '03'),
(568, '2017-05-04 10:21:58', '/tetrasma2/t_coal4list.php', '1', 'A', 't_coal4', 'coal4_nm', '60', '', 'Biaya Telepon'),
(569, '2017-05-04 10:21:58', '/tetrasma2/t_coal4list.php', '1', 'A', 't_coal4', 'coal4_id', '60', '', '60'),
(570, '2017-05-04 10:22:10', '/tetrasma2/t_coal4list.php', '1', 'A', 't_coal4', 'coal1_id', '61', '', '6'),
(571, '2017-05-04 10:22:10', '/tetrasma2/t_coal4list.php', '1', 'A', 't_coal4', 'coal2_id', '61', '', '8'),
(572, '2017-05-04 10:22:10', '/tetrasma2/t_coal4list.php', '1', 'A', 't_coal4', 'coal3_id', '61', '', '16'),
(573, '2017-05-04 10:22:10', '/tetrasma2/t_coal4list.php', '1', 'A', 't_coal4', 'coal4_no', '61', '', '04'),
(574, '2017-05-04 10:22:10', '/tetrasma2/t_coal4list.php', '1', 'A', 't_coal4', 'coal4_nm', '61', '', 'Biaya Air'),
(575, '2017-05-04 10:22:10', '/tetrasma2/t_coal4list.php', '1', 'A', 't_coal4', 'coal4_id', '61', '', '61'),
(576, '2017-05-04 10:22:25', '/tetrasma2/t_coal4list.php', '1', 'A', 't_coal4', 'coal1_id', '62', '', '6'),
(577, '2017-05-04 10:22:25', '/tetrasma2/t_coal4list.php', '1', 'A', 't_coal4', 'coal2_id', '62', '', '8'),
(578, '2017-05-04 10:22:25', '/tetrasma2/t_coal4list.php', '1', 'A', 't_coal4', 'coal3_id', '62', '', '16'),
(579, '2017-05-04 10:22:25', '/tetrasma2/t_coal4list.php', '1', 'A', 't_coal4', 'coal4_no', '62', '', '99'),
(580, '2017-05-04 10:22:25', '/tetrasma2/t_coal4list.php', '1', 'A', 't_coal4', 'coal4_nm', '62', '', 'Biaya Kary. Lain-Lain'),
(581, '2017-05-04 10:22:25', '/tetrasma2/t_coal4list.php', '1', 'A', 't_coal4', 'coal4_id', '62', '', '62');

-- --------------------------------------------------------

--
-- Table structure for table `t_coal1`
--

CREATE TABLE IF NOT EXISTS `t_coal1` (
  `coal1_id` int(11) NOT NULL AUTO_INCREMENT,
  `coal1_no` varchar(2) NOT NULL,
  `coal1_nm` varchar(50) NOT NULL,
  PRIMARY KEY (`coal1_id`)
) ENGINE=MyISAM  DEFAULT CHARSET=latin1 AUTO_INCREMENT=7 ;

--
-- Dumping data for table `t_coal1`
--

INSERT INTO `t_coal1` (`coal1_id`, `coal1_no`, `coal1_nm`) VALUES
(1, '1', 'Aktiva'),
(2, '2', 'Hutang'),
(3, '3', 'Modal'),
(4, '4', 'Pendapatan'),
(5, '5', 'HPP'),
(6, '6', 'Biaya');

-- --------------------------------------------------------

--
-- Table structure for table `t_coal2`
--

CREATE TABLE IF NOT EXISTS `t_coal2` (
  `coal2_id` int(11) NOT NULL AUTO_INCREMENT,
  `coal2_no` varchar(2) NOT NULL,
  `coal2_nm` varchar(50) NOT NULL,
  `coal1_id` int(11) NOT NULL,
  PRIMARY KEY (`coal2_id`)
) ENGINE=MyISAM  DEFAULT CHARSET=latin1 AUTO_INCREMENT=9 ;

--
-- Dumping data for table `t_coal2`
--

INSERT INTO `t_coal2` (`coal2_id`, `coal2_no`, `coal2_nm`, `coal1_id`) VALUES
(1, '1', 'Aktiva Lancar', 1),
(2, '2', 'Aktiva Tetap', 1),
(3, '1', 'Hutang Jk. Pendek', 2),
(4, '2', 'Hutang Jk. Panjang', 2),
(5, '1', 'Modal Pemilik', 3),
(6, '1', 'Pendapatan Usaha', 4),
(7, '1', 'Biaya Langsung', 5),
(8, '1', 'Biaya', 6);

-- --------------------------------------------------------

--
-- Table structure for table `t_coal3`
--

CREATE TABLE IF NOT EXISTS `t_coal3` (
  `coal3_id` int(11) NOT NULL AUTO_INCREMENT,
  `coal3_no` varchar(2) NOT NULL,
  `coal3_nm` varchar(50) NOT NULL,
  `coal2_id` int(11) NOT NULL,
  PRIMARY KEY (`coal3_id`)
) ENGINE=MyISAM  DEFAULT CHARSET=latin1 AUTO_INCREMENT=17 ;

--
-- Dumping data for table `t_coal3`
--

INSERT INTO `t_coal3` (`coal3_id`, `coal3_no`, `coal3_nm`, `coal2_id`) VALUES
(1, '1', 'Kas', 1),
(2, '2', 'Bank', 1),
(3, '3', 'Piutang', 1),
(4, '4', 'Aktiva Lain', 1),
(5, '1', 'Aktiva Tetap', 2),
(6, '1', 'Hutang Lancar', 3),
(7, '2', 'Hutang Jangka Panjang', 3),
(8, '1', 'Simpanan Pokok', 5),
(9, '2', 'Simpanan Wajib', 5),
(10, '3', 'Simpanan Sukarela', 5),
(11, '1', 'Pendapatan Bunga Pinjaman', 6),
(12, '1', 'Biaya Langsung', 7),
(13, '1', 'Biaya Keuangan', 8),
(14, '2', 'Biaya Organisasi', 8),
(15, '3', 'Biaya Karyawan', 8),
(16, '4', 'Biaya Operasional Kantor', 8);

-- --------------------------------------------------------

--
-- Table structure for table `t_coal4`
--

CREATE TABLE IF NOT EXISTS `t_coal4` (
  `coal4_id` int(11) NOT NULL AUTO_INCREMENT,
  `coal4_no` varchar(2) NOT NULL,
  `coal4_nm` varchar(50) NOT NULL,
  `coal3_id` int(11) NOT NULL,
  PRIMARY KEY (`coal4_id`)
) ENGINE=MyISAM  DEFAULT CHARSET=latin1 AUTO_INCREMENT=63 ;

--
-- Dumping data for table `t_coal4`
--

INSERT INTO `t_coal4` (`coal4_id`, `coal4_no`, `coal4_nm`, `coal3_id`) VALUES
(1, '01', 'Kas', 1),
(2, '01', 'Bank BCA', 2),
(3, '02', 'Bank Mandiri', 2),
(4, '01', 'Pinjaman yang diberikan', 3),
(5, '02', 'Asuransi dibayar dimuka', 3),
(6, '03', 'Beban dibayar dimuka', 3),
(7, '04', 'Penyisihan piutang tak tertagih', 3),
(8, '05', 'Pendapatan ymh diterima', 3),
(9, '01', 'Aktiva lain', 4),
(10, '01', 'Tanah', 5),
(11, '02', 'Bangunan', 5),
(12, '03', 'Akumulasi Penyusutan Bangunan', 5),
(13, '04', 'Peralatan / Mebel', 5),
(14, '05', 'Akumulasi Penyusutan Peralatan / Mebel', 5),
(15, '06', 'Inventaris Kantor', 5),
(16, '07', 'Akumulasi Penyusutan Inventaris Kantor', 5),
(17, '01', 'Simpanan Sukarela', 6),
(18, '02', 'Simpanan Berjangka', 6),
(19, '03', 'Simpanan Karyawan', 6),
(20, '04', 'Hutang Bank', 6),
(21, '05', 'Beban YMH Dibayar', 6),
(22, '99', 'Hutang Lain-Lain', 6),
(23, '01', 'Hutang Sewa', 7),
(24, '01', 'Simpanan Pokok', 8),
(25, '02', 'Simpanan Wajib', 8),
(26, '03', 'Donasi', 8),
(27, '04', 'Modal Penyertaan', 8),
(28, '05', 'Cad. Tujuan Resiko', 8),
(29, '01', 'Laba Periode Berjalan', 9),
(30, '02', 'Cadangan SHU', 9),
(31, '01', 'Pendapatan Bunga', 11),
(32, '02', 'Pendapatan Provisi', 11),
(33, '03', 'Pendapatan Administrasi', 11),
(34, '99', 'Pendapatan Lainnya', 11),
(35, '01', 'Biaya Langsung', 12),
(36, '01', 'Bunga Simpanan', 13),
(37, '02', 'Bunga Bank', 13),
(38, '03', 'Bunga Simpanan Lain-Lain', 13),
(39, '04', 'Bunga Simpanan Berjangka', 13),
(40, '05', 'Bunga Simpanan Khusus', 13),
(41, '06', 'Biaya Penysh. Piut. Tak Tertg.', 13),
(42, '07', 'Biaya Asuransi', 13),
(43, '08', 'Biaya Audit', 13),
(44, '09', 'Biaya Pajak', 13),
(45, '99', 'Biaya Keu. Lain-Lain', 13),
(46, '01', 'Biaya Rapat Pengurus', 14),
(47, '02', 'Biaya Rapat Anggota', 14),
(48, '03', 'Biaya Perjalanan Dinas', 14),
(49, '04', 'Biaya Diklat', 14),
(50, '05', 'Biaya Honorarium Pengurus', 14),
(51, '06', 'Biaya Pembinaan', 14),
(52, '99', 'Biaya Org. Lain-Lain', 14),
(53, '01', 'Gaji Karyawan', 15),
(54, '02', 'Tunjangan', 15),
(55, '03', 'Konsumsi', 15),
(56, '04', 'Biaya Transport Dinas', 15),
(57, '05', 'Biaya Pendidikan', 15),
(58, '01', 'Biaya Alat Tulis', 16),
(59, '02', 'Biaya Listrik', 16),
(60, '03', 'Biaya Telepon', 16),
(61, '04', 'Biaya Air', 16),
(62, '99', 'Biaya Kary. Lain-Lain', 16);

-- --------------------------------------------------------

--
-- Table structure for table `t_user`
--

CREATE TABLE IF NOT EXISTS `t_user` (
  `user_id` int(11) NOT NULL AUTO_INCREMENT,
  `user_nm` varchar(50) NOT NULL,
  `user_pw` varchar(50) NOT NULL,
  `user_lv` int(11) NOT NULL,
  PRIMARY KEY (`user_id`)
) ENGINE=MyISAM  DEFAULT CHARSET=latin1 AUTO_INCREMENT=2 ;

--
-- Dumping data for table `t_user`
--

INSERT INTO `t_user` (`user_id`, `user_nm`, `user_pw`, `user_lv`) VALUES
(1, 'admin', '21232f297a57a5a743894a0e4a801fc3', -1);

/*!40101 SET CHARACTER_SET_CLIENT=@OLD_CHARACTER_SET_CLIENT */;
/*!40101 SET CHARACTER_SET_RESULTS=@OLD_CHARACTER_SET_RESULTS */;
/*!40101 SET COLLATION_CONNECTION=@OLD_COLLATION_CONNECTION */;
